link,to,gages,Length,lon,lat,gagestr
724696,724684,b'       01013500',2257.0,-68.577705,47.233467,b'       01013500'
2677104,2678276,b'       01022500',498.0,-67.93359,44.60903,b'       01022500'
3923,6087,b'       01030500',1616.0,-68.29976,45.505806,b'       01030500'
1722317,1722313,b'       01031500',2684.0,-69.33078,45.172615,b'       01031500'
3321976,3322000,b'       01047000',3052.0,-69.96316,44.874397,b'       01047000'
19334265,19334485,b'       01052500',1942.0,-71.061745,44.878944,b'       01052500'
6716129,6712535,b'       01054200',927.0,-70.98021,44.391537,b'       01054200'
6709987,6710025,b'       01055000',2504.0,-70.591484,44.645515,b'       01055000'
6711893,6711911,b'       01057000',3285.0,-70.539154,44.299583,b'       01057000'
5845058,5845078,b'       01073000',3386.0,-70.961815,43.152325,b'       01073000'
6731199,166174245,b'       01078000',848.0,-71.74825,43.567513,b'       01078000'
6140826,6141284,b'       01118300',4294.0,-71.83571,41.46464,b'       01118300'
6162583,6163115,b'       01121000',9175.0,-72.16563,41.81253,b'       01121000'
6162981,6163201,b'       01123000',8092.0,-72.05059,41.681126,b'       01123000'
4570675,4571719,b'       01134500',3068.0,-71.83914,44.51031,b'       01134500'
4594599,4594215,b'       01137500',6983.0,-71.617645,44.265244,b'       01137500'
4573927,4573975,b'       01139000',3722.0,-72.05933,44.14926,b'       01139000'
4573939,4573819,b'       01139800',5273.0,-72.34274,44.09547,b'       01139800'
6083547,6083557,b'       01142500',3286.0,-72.66303,43.93586,b'       01142500'
6084505,6084639,b'       01144000',1720.0,-72.41675,43.70536,b'       01144000'
9343363,9343747,b'       01162500',5627.0,-72.117546,42.688725,b'       01162500'
10294784,10294790,b'       01169000',4201.0,-72.71601,42.644726,b'       01169000'
10294622,10294658,b'       01170100',2902.0,-72.670815,42.70671,b'       01170100'
6096297,6096301,b'       01181000',2256.0,-72.89093,42.23609,b'       01181000'
6105951,6105975,b'       01187300',1167.0,-72.93797,42.034462,b'       01187300'
6177558,6177568,b'       01195100',2461.0,-72.531944,41.30697,b'       01195100'
22290373,22290177,b'       01333000',5496.0,-73.199165,42.69914,b'       01333000'
3247466,3247614,b'       01350000',1588.0,-74.43633,42.32285,b'       01350000'
3247464,3247598,b'       01350080',5571.0,-74.40548,42.37792,b'       01350080'
3247552,3247588,b'       01350140',13017.0,-74.521416,42.437912,b'       01350140'
6200212,6200372,b'       01365000',4634.0,-74.48164,41.87166,b'       01365000'
9436435,9436439,b'       01411300',1192.0,-74.822975,39.306126,b'       01411300'
1748583,1748585,b'       01413500',5405.0,-74.654144,42.143627,b'       01413500'
1748611,1748745,b'       01414500',17757.0,-74.657524,42.081245,b'       01414500'
1748589,1748753,b'       01415000',3077.0,-74.81156,42.12457,b'       01415000'
2613578,2613590,b'       01423000',1589.0,-75.14107,42.15888,b'       01423000'
4147946,4147366,b'       01434025',1154.0,-74.498505,41.99704,b'       01434025'
4147956,4148030,b'       01435000',5076.0,-74.60705,41.878056,b'       01435000'
4153168,4153184,b'       01439500',940.0,-75.03372,41.087486,b'       01439500'
4151302,4151818,b'       01440000',2738.0,-74.95703,41.104546,b'       01440000'
4153166,4153230,b'       01440400',2896.0,-75.22148,41.091827,b'       01440400'
4187713,4188005,b'       01451800',9680.0,-75.622925,40.638763,b'       01451800'
4492036,4499256,b'       01466500',3444.0,-74.49819,39.87758,b'       01466500'
8077030,8077598,b'       01484100',4313.0,-75.52904,38.897797,b'       01484100'
8401785,8401381,b'       01485500',1365.0,-75.47119,38.229202,b'       01485500'
8401391,8401801,b'       01486000',5882.0,-75.66648,38.215374,b'       01486000'
8392898,8392902,b'       01487000',298.0,-75.56174,38.72778,b'       01487000'
9407484,9407516,b'       01491000',488.0,-75.785324,38.99816,b'       01491000'
9420683,9420705,b'       01510000',2240.0,-75.89905,42.54846,b'       01510000'
8112305,8112299,b'       01516500',1725.0,-77.008095,41.78822,b'       01516500'
8111873,8111847,b'       01518862',1292.0,-77.52814,41.92409,b'       01518862'
4199144,4198118,b'       01532000',3372.0,-76.48622,41.70816,b'       01532000'
2603023,2602683,b'       01539000',1047.0,-76.43123,41.078598,b'       01539000'
8125917,8125293,b'       01542810',1906.0,-78.28853,41.58534,b'       01542810'
8127529,8127533,b'       01543000',2623.0,-78.19039,41.422512,b'       01543000'
8127609,8127607,b'       01543500',4633.0,-78.12181,41.317677,b'       01543500'
8134650,8134648,b'       01544500',3119.0,-77.82896,41.470154,b'       01544500'
8134878,8134946,b'       01545600',3000.0,-77.69453,41.382683,b'       01545600'
8139414,8139752,b'       01547700',1600.0,-77.60566,41.059612,b'       01547700'
8144622,8144626,b'       01548500',957.0,-77.4485,41.524063,b'       01548500'
8144818,8145130,b'       01549500',2413.0,-77.22679,41.474068,b'       01549500'
8152817,8152831,b'       01550000',1620.0,-77.033676,41.418182,b'       01550000'
8152257,8151187,b'       01552000',3630.0,-76.91909,41.338158,b'       01552000'
8151091,8151115,b'       01552500',2150.0,-76.54445,41.35336,b'       01552500'
4683152,4682494,b'       01557500',1782.0,-78.2366,40.683167,b'       01557500'
4710396,4710428,b'       01567500',2241.0,-77.4022,40.37267,b'       01567500'
4710668,4710634,b'       01568000',2481.0,-77.16374,40.329723,b'       01568000'
4726301,4725927,b'       01580000',2659.0,-76.39815,39.629646,b'       01580000'
11687656,11688320,b'       01583500',6959.0,-76.67441,39.514515,b'       01583500'
11688538,11688556,b'       01586610',748.0,-76.95498,39.451923,b'       01586610'
11907272,11907450,b'       01591400',2084.0,-77.05467,39.257347,b'       01591400'
14365490,14365506,b'       01594950',3972.0,-79.40876,39.281082,b'       01594950'
14364088,14364090,b'       01596500',3492.0,-79.0986,39.57074,b'       01596500'
8423458,8422706,b'       01605500',4693.0,-79.32674,38.64076,b'       01605500'
8423278,8420976,b'       01606500',1870.0,-79.17367,38.993538,b'       01606500'
5892356,5892366,b'       01613050',2126.0,-78.13846,39.902515,b'       01613050'
5909157,5909185,b'       01620500',10056.0,-79.26547,38.362392,b'       01620500'
8441037,8441035,b'       01632000',3162.0,-78.85679,38.635258,b'       01632000'
8441303,8440991,b'       01632900',25762.0,-78.64423,38.647865,b'       01632900'
8440459,8440247,b'       01634500',2322.0,-78.336494,39.08433,b'       01634500'
4505612,4505596,b'       01638480',1417.0,-77.57248,39.258083,b'       01638480'
8449082,8449084,b'       01639500',1641.0,-77.23474,39.611256,b'       01639500'
4507266,4506920,b'       01644000',1283.0,-77.58342,39.018738,b'       01644000'
4529107,4529677,b'       01658500',3143.0,-77.42253,38.58697,b'       01658500'
8465429,8465329,b'       01664000',1034.0,-77.815094,38.530434,b'       01664000'
8468559,8468565,b'       01666500',3790.0,-78.0931,38.326385,b'       01666500'
8467225,8467197,b'       01667500',1640.0,-77.976494,38.352962,b'       01667500'
8479268,8479560,b'       01669000',3280.0,-76.89707,37.876972,b'       01669000'
8457352,8457990,b'       01669520',963.0,-76.69584,37.63063,b'       01669520'
8520617,8520765,b'       02011400',4277.0,-79.88295,38.036083,b'       02011400'
8525587,8524283,b'       02013000',6698.0,-80.0421,37.81112,b'       02013000'
8525619,8524487,b'       02014000',961.0,-80.04143,37.728203,b'       02014000'
8520749,8520543,b'       02015700',3049.0,-79.572395,38.19944,b'       02015700'
8523325,8522117,b'       02016000',4778.0,-79.74694,37.78037,b'       02016000'
8525659,8525401,b'       02017500',1242.0,-80.10731,37.506634,b'       02017500'
8522521,8522503,b'       02018000',526.0,-79.91239,37.666634,b'       02018000'
8547581,8546073,b'       02027000',6368.0,-78.9749,37.72557,b'       02027000'
8549853,8548821,b'       02027500',3626.0,-79.02388,37.70367,b'       02027500'
8547459,8544833,b'       02028500',841.0,-78.82126,37.867935,b'       02028500'
8611825,8612083,b'       02038850',1826.0,-78.63587,37.410465,b'       02038850'
8719481,8718809,b'       02046000',1385.0,-77.59783,37.06504,b'       02046000'
8744593,8743361,b'       02051000',642.0,-78.350006,36.99889,b'       02051000'
8741021,8741019,b'       02051500',1010.0,-77.82721,36.718323,b'       02051500'
8746117,8746119,b'       02053200',5539.0,-77.02319,36.372818,b'       02053200'
8629303,8628719,b'       02053800',5267.0,-80.25741,37.152744,b'       02053800'
8627131,8623691,b'       02055100',3545.0,-79.93031,37.408085,b'       02055100'
8626863,8626867,b'       02056900',3652.0,-79.84544,37.04866,b'       02056900'
8627301,8625791,b'       02059500',1093.0,-79.51983,37.172382,b'       02059500'
8647998,8648006,b'       02064000',1912.0,-78.955154,37.120228,b'       02064000'
8648830,8648280,b'       02065500',3028.0,-78.756035,37.08728,b'       02065500'
8675163,8675135,b'       02069700',9292.0,-80.12535,36.564716,b'       02069700'
8673051,8673171,b'       02070000',2486.0,-79.98152,36.568436,b'       02070000'
8673535,8673537,b'       02074500',603.0,-79.50251,36.619267,b'       02074500'
8701361,8700875,b'       02077200',10667.0,-79.20333,36.392406,b'       02077200'
8760623,8759151,b'       02081500',1913.0,-78.57831,36.194164,b'       02081500'
10511316,10510478,b'       02082950',5112.0,-77.87054,36.197292,b'       02082950'
10976591,10977039,b'       02092500',1373.0,-77.45833,35.064842,b'       02092500'
8895436,8895542,b'       02096846',1038.0,-79.204254,35.988342,b'       02096846'
8849951,8849829,b'       02102908',3991.0,-79.1809,35.17252,b'       02102908'
10525935,10525953,b'       02108000',1122.0,-77.83506,34.831055,b'       02108000'
9251726,9251300,b'       02111180',2868.0,-81.40535,36.07387,b'       02111180'
9250814,9250818,b'       02111500',3318.0,-81.166885,36.18234,b'       02111500'
9233605,9234691,b'       02118500',731.0,-80.74604,36.003338,b'       02118500'
9210446,9211186,b'       02128000',538.0,-79.82966,35.388836,b'       02128000'
9754776,9754772,b'       02137727',672.0,-82.05986,35.6862,b'       02137727'
9752476,9752546,b'       02140991',1171.0,-81.71119,35.832695,b'       02140991'
9745122,9745076,b'       02143000',2607.0,-81.39374,35.68989,b'       02143000'
9745600,9745570,b'       02143040',2697.0,-81.56294,35.59076,b'       02143040'
12036581,12036605,b'       02149000',1655.0,-82.11803,35.4274,b'       02149000'
12034181,12034215,b'       02152100',3117.0,-81.68242,35.48832,b'       02152100'
6269342,6269358,b'       02177000',1460.0,-83.30412,34.811325,b'       02177000'
6267840,6269292,b'       02178400',1869.0,-83.53712,34.890934,b'       02178400'
6289497,6289477,b'       02193340',4245.0,-82.86657,33.681843,b'       02193340'
11730030,11730052,b'       02196000',715.0,-82.1825,33.727055,b'       02196000'
9978327,9978337,b'       02198100',428.0,-81.81398,32.936905,b'       02198100'
9944858,9944150,b'       02202600',6335.0,-81.47491,32.155174,b'       02202600'
6335902,6335992,b'       02212600',2177.0,-83.72584,33.094936,b'       02212600'
6365072,6364346,b'       02215100',2488.0,-83.50138,32.23872,b'       02215100'
6383975,6383979,b'       02216180',1597.0,-82.92581,31.993141,b'       02216180'
1056599,1057297,b'       02221525',1242.0,-83.4855,33.255035,b'       02221525'
18260325,18260323,b'       02231000',4200.0,-82.08302,30.360249,b'       02231000'
11014543,11015951,b'       02231342',112.0,-80.7962,27.56848,b'       02231342'
10997161,10996215,b'       02235200',10955.0,-81.51043,28.901384,b'       02235200'
16662855,16662827,b'       02245500',1561.0,-81.85223,29.976543,b'       02245500'
16806475,16806507,b'       02296500',3057.0,-81.78763,27.378706,b'       02296500'
16812461,16811859,b'       02297155',3623.0,-82.01715,27.475792,b'       02297155'
16807511,16807517,b'       02297310',4731.0,-81.98182,27.188158,b'       02297310'
16808187,16808203,b'       02298123',1315.0,-81.78349,27.051922,b'       02298123'
16837084,16837126,b'       02298608',1982.0,-82.15927,27.343348,b'       02298608'
16877194,16877262,b'       02299950',1815.0,-82.214035,27.467373,b'       02299950'
16918210,16918194,b'       02300700',2728.0,-82.34861,27.80077,b'       02300700'
16955670,16955674,b'       02310947',4475.0,-82.04546,28.31812,b'       02310947'
16949670,16949660,b'       02312200',9148.0,-82.16796,28.566143,b'       02312200'
1997544,1997546,b'       02314500',10567.0,-82.55612,30.692083,b'       02314500'
166743978,166743977,b'       02315500',5733.0,-82.732925,30.330168,b'       02315500'
1978648,1978654,b'       02324400',5375.0,-83.471565,30.099363,b'       02324400'
10365698,10365710,b'       02327100',8302.0,-84.50537,30.10897,b'       02327100'
6442680,6442684,b'       02349900',2608.0,-83.904144,32.188934,b'       02349900'
6460293,6460665,b'       02350900',2699.0,-84.25667,31.76796,b'       02350900'
2188031,2188061,b'       02361000',1648.0,-85.608864,31.343813,b'       02361000'
2210130,2210148,b'       02363000',820.0,-85.78466,31.59352,b'       02363000'
789206,788956,b'       02369800',2776.0,-86.710175,31.017513,b'       02369800'
2377281,2376959,b'       02371500',907.0,-86.24974,31.57382,b'       02371500'
2323396,2323410,b'       02372250',1948.0,-86.40521,31.594198,b'       02372250'
933140017,933140016,b'       02374500',749.0,-86.98582,31.415865,b'       02374500'
6478765,6478767,b'       02381600',560.0,-84.46619,34.570858,b'       02381600'
12193270,12194350,b'       02384540',3141.0,-84.72383,34.87119,b'       02384540'
6498620,6497222,b'       02395120',1895.0,-84.888084,34.246,b'       02395120'
22274612,22274614,b'       02408540',2083.0,-86.27197,32.916492,b'       02408540'
22035157,22035193,b'       02415000',1330.0,-85.87984,33.068188,b'       02415000'
21676818,21677018,b'       02422500',979.0,-86.90337,32.582993,b'       02422500'
21457950,21464256,b'       02427250',2142.0,-87.07175,31.995325,b'       02427250'
18693151,18693133,b'       02430085',1173.0,-88.28075,34.4669,b'       02430085'
18578829,18578815,b'       02450250',4728.0,-87.38462,34.281208,b'       02450250'
18229143,18227153,b'       02464000',4132.0,-87.59372,33.4731,b'       02464000'
18227533,18227503,b'       02464146',1268.0,-87.50993,33.41,b'       02464146'
18227431,18227465,b'       02464360',808.0,-87.63919,33.423653,b'       02464360'
18208346,18208372,b'       02465493',3283.0,-87.63115,32.990356,b'       02465493'
21640642,21639650,b'       02469800',1921.0,-88.01929,31.747053,b'       02469800'
18154237,18154273,b'       02472000',1839.0,-89.40531,31.702059,b'       02472000'
18157053,18156767,b'       02472500',2297.0,-89.41046,31.425797,b'       02472500'
18105412,18105240,b'       02479155',1506.0,-89.01444,31.0225,b'       02479155'
18107248,18106868,b'       02479300',3245.0,-88.77341,30.734516,b'       02479300'
18094981,18094325,b'       02479560',2104.0,-88.46362,30.807686,b'       02479560'
18070104,18070114,b'       02481000',2094.0,-89.11621,30.55714,b'       02481000'
18075806,18075848,b'       02481510',2521.0,-89.27181,30.478369,b'       02481510'
8971150,8971062,b'       03010655',1138.0,-78.20118,41.965034,b'       03010655'
8974366,8973360,b'       03011800',1142.0,-78.71355,41.764217,b'       03011800'
8975242,8975276,b'       03015500',221.0,-79.31588,41.855225,b'       03015500'
9049227,9049609,b'       03021350',4211.0,-79.78358,42.013634,b'       03021350'
6874093,6873553,b'       03026500',4417.0,-78.59661,41.63456,b'       03026500'
6874111,6873861,b'       03028000',1995.0,-78.69345,41.566322,b'       03028000'
11049880,11049274,b'       03049000',960.0,-79.69657,40.718487,b'       03049000'
11049744,11049784,b'       03049800',3109.0,-79.93535,40.523106,b'       03049800'
4353002,4352686,b'       03050000',895.0,-79.88129,38.807655,b'       03050000'
3775599,3775049,b'       03066000',1913.0,-79.469826,39.125885,b'       03066000'
3775993,3775989,b'       03069500',1484.0,-79.687,39.127228,b'       03069500'
3773681,3773675,b'       03070500',1083.0,-79.71012,39.622314,b'       03070500'
3808829,3808413,b'       03076600',2887.0,-79.39588,39.659637,b'       03076600'
3808365,3808327,b'       03078000',3094.0,-79.143845,39.697075,b'       03078000'
15400312,15400174,b'       03140000',1847.0,-81.86264,40.36284,b'       03140000'
15380169,15380059,b'       03144000',4200.0,-82.14234,40.139797,b'       03144000'
19440277,19439919,b'       03159540',1834.0,-81.8904,39.06089,b'       03159540'
6892192,6892186,b'       03161000',2721.0,-81.40839,36.402126,b'       03161000'
6887572,6887560,b'       03164000',4617.0,-80.98168,36.664036,b'       03164000'
6886804,6886648,b'       03165000',11899.0,-80.92868,36.668957,b'       03165000'
6884590,6884216,b'       03170000',2432.0,-80.55673,37.031975,b'       03170000'
6908597,6908085,b'       03173000',1970.0,-80.70391,37.26702,b'       03173000'
12103826,12103728,b'       03180500',1933.0,-79.83855,38.54065,b'       03180500'
12105064,12105172,b'       03182500',2983.0,-80.11684,38.18979,b'       03182500'
4547810,4547808,b'       03186500',1220.0,-80.48467,38.380463,b'       03186500'
4547840,4546478,b'       03187500',1185.0,-80.52231,38.295258,b'       03187500'
435154,435122,b'       03213700',5075.0,-82.28672,37.669647,b'       03213700'
1920776,1922046,b'       03237280',2251.0,-83.222466,38.641,b'       03237280'
1919636,1919682,b'       03237500',974.0,-83.41911,38.80695,b'       03237500'
3930910,3930874,b'       03241500',3443.0,-83.89051,39.724808,b'       03241500'
487460,487958,b'       03280700',1031.0,-83.303314,37.163925,b'       03280700'
504810,504706,b'       03281100',3062.0,-83.75994,37.152367,b'       03281100'
503758,505374,b'       03281500',599.0,-83.67273,37.47983,b'       03281500'
1827630,1827300,b'       03285000',4247.0,-84.66184,37.641376,b'       03285000'
10161364,10161380,b'       03291780',1755.0,-85.2623,38.878548,b'       03291780'
10302627,10300593,b'       03300400',2692.0,-85.28404,37.83461,b'       03300400'
10207857,10207781,b'       03340800',16223.0,-86.91798,39.832973,b'       03340800'
10337448,10339194,b'       03346000',2738.0,-87.947205,39.01204,b'       03346000'
18464802,18464506,b'       03357350',9601.0,-86.745804,39.75796,b'       03357350'
18454477,18454647,b'       03364500',19172.0,-85.67784,39.313328,b'       03364500'
18451023,18450629,b'       03366500',6806.0,-85.67092,38.802505,b'       03366500'
18450047,18450059,b'       03368000',12078.0,-85.449066,39.086693,b'       03368000'
11868270,11868290,b'       03384450',1813.0,-88.54707,37.469902,b'       03384450'
22165090,22165088,b'       03439000',3036.0,-82.82715,35.146572,b'       03439000'
22161670,22162042,b'       03450000',1139.0,-82.405266,35.656,b'       03450000'
22152669,22152611,b'       03455500',2297.0,-82.93982,35.388763,b'       03455500'
22152435,22152375,b'       03456500',3106.0,-82.8721,35.472015,b'       03456500'
22151401,22151387,b'       03460000',2227.0,-83.07411,35.659424,b'       03460000'
19490270,19489966,b'       03463300',1143.0,-82.18343,35.833237,b'       03463300'
19752335,19751209,b'       03471500',833.0,-81.62951,36.76004,b'       03471500'
19752425,19751693,b'       03473000',2688.0,-81.84737,36.650158,b'       03473000'
19743430,19743826,b'       03479000',1468.0,-81.82849,36.24006,b'       03479000'
19761976,19761978,b'       03488000',2162.0,-81.74554,36.900112,b'       03488000'
22130235,22130213,b'       03498500',2074.0,-83.879715,35.791687,b'       03498500'
19736555,19735939,b'       03500000',3526.0,-83.374306,35.1461,b'       03500000'
19735951,19735939,b'       03500240',4850.0,-83.38944,35.156418,b'       03500240'
19736561,19736013,b'       03504000',519.0,-83.61992,35.125828,b'       03504000'
19621426,19621434,b'       03574500',4121.0,-86.305725,34.626133,b'       03574500'
19504798,19506226,b'       03604000',1072.0,-87.83312,35.4957,b'       03604000'
1757696,904020529,b'       04015330',1455.0,-91.78705,46.94694,b'       04015330'
1799897,1799885,b'       04024430',10504.0,-92.09694,46.641,b'       04024430'
1815879,1813283,b'       04027000',2525.0,-90.69576,46.490303,b'       04027000'
11930606,11930608,b'       04040500',1437.0,-88.582306,46.583817,b'       04040500'
11937201,11937967,b'       04043050',607.0,-88.3849,47.22932,b'       04043050'
12186641,12186625,b'       04045500',1817.0,-85.27589,46.57225,b'       04045500'
12222392,12222394,b'       04056500',1942.0,-86.155975,46.03132,b'       04056500'
272589,272607,b'       04057510',10673.0,-86.70667,45.91612,b'       04057510'
11959338,11959342,b'       04057800',3747.0,-87.86917,46.495945,b'       04057800'
6860182,6859808,b'       04059500',7553.0,-87.19169,45.749714,b'       04059500'
6844165,6844139,b'       04063700',4240.0,-88.468575,45.76057,b'       04063700'
9027875,9027877,b'       04074950',2273.0,-88.73779,45.191334,b'       04074950'
3473077,3473569,b'       04105700',10809.0,-85.35842,42.379253,b'       04105700'
12232338,12232336,b'       04115265',1593.0,-84.98232,43.251064,b'       04115265'
904060094,8994318,b'       04122200',2413.0,-86.23539,43.45881,b'       04122200'
8992044,8991864,b'       04122500',7917.0,-86.25936,43.94217,b'       04122500'
12121104,12120376,b'       04124000',2396.0,-85.68763,44.436752,b'       04124000'
12502977,12502971,b'       04127997',3265.0,-84.605736,45.284966,b'       04127997'
15662050,15662066,b'       04185000',820.0,-84.43356,41.504646,b'       04185000'
15613832,15613810,b'       04196800',1169.0,-83.347855,40.923695,b'       04196800'
15612400,15612418,b'       04197100',1717.0,-83.10529,41.019993,b'       04197100'
15612196,15612774,b'       04197170',5388.0,-83.158646,41.107964,b'       04197170'
9841738,9841714,b'       04213000',1826.0,-80.60565,41.92676,b'       04213000'
9841436,9841444,b'       04213075',2641.0,-80.28499,41.994274,b'       04213075'
15569391,15569747,b'       04216418',3756.0,-78.279854,42.85564,b'       04216418'
15550135,15550119,b'       04221000',2025.0,-77.9558,42.12241,b'       04221000'
15547935,15547875,b'       04224775',2510.0,-77.70429,42.534973,b'       04224775'
15514388,15513296,b'       04256000',11289.0,-75.325836,43.74992,b'       04256000'
4599789,4599975,b'       04296000',1063.0,-72.27196,44.86664,b'       04296000'
14267516,14267518,b'       05056000',7961.0,-98.712265,47.802868,b'       05056000'
14269180,14268912,b'       05057000',4878.0,-98.02251,47.435642,b'       05057000'
14269214,14269114,b'       05057200',6879.0,-98.12924,47.232033,b'       05057200'
7027381,7026409,b'       05062500',6535.0,-96.24062,47.259014,b'       05062500'
7069743,7069741,b'       05087500',23854.0,-96.82676,48.342434,b'       05087500'
14172539,14172507,b'       05120500',18524.0,-100.52676,48.169743,b'       05120500'
14156742,14156822,b'       05123400',20961.0,-100.44209,48.611866,b'       05123400'
7140308,7139936,b'       05129115',54.0,-92.5657,48.26451,b'       05129115'
7171122,7171118,b'       05131500',4767.0,-93.543594,48.396996,b'       05131500'
4085588,4084458,b'       05291000',6339.0,-96.482956,45.29123,b'       05291000'
12981697,12981415,b'       05362000',4525.0,-90.93876,45.313297,b'       05362000'
13399941,13399933,b'       05393500',3374.0,-89.98724,45.445267,b'       05393500'
14733228,14733222,b'       05399500',1087.0,-90.07701,44.821964,b'       05399500'
13624991,13624581,b'       05408000',3607.0,-90.64625,43.582317,b'       05408000'
13312489,13313347,b'       05412500',807.0,-91.26439,42.738712,b'       05412500'
13324626,13324644,b'       05413500',10611.0,-90.805466,42.700844,b'       05413500'
13324402,13324444,b'       05414000',1800.0,-90.64557,42.73762,b'       05414000'
10605920,10606012,b'       05444000',1713.0,-89.69694,41.903553,b'       05444000'
11915429,11916237,b'       05454000',2099.0,-91.49128,41.699467,b'       05454000'
7016531,7016407,b'       05458000',1049.0,-92.50363,43.0321,b'       05458000'
6960295,6960301,b'       05466500',11763.0,-90.966965,41.185284,b'       05466500'
22252001,22253907,b'       05487980',1093.0,-93.26609,41.246758,b'       05487980'
4995875,4995867,b'       05488200',2913.0,-93.04446,41.300915,b'       05488200'
4994047,4994035,b'       05489000',632.0,-92.90859,41.218124,b'       05489000'
5802762,5801078,b'       05495000',6390.0,-91.60105,40.39496,b'       05495000'
5802188,5802222,b'       05495500',879.0,-91.340034,40.143707,b'       05495500'
2925495,2927219,b'       05501000',3200.0,-91.53011,39.82044,b'       05501000'
5640210,5640212,b'       05503800',2002.0,-91.99759,39.58958,b'       05503800'
4868933,4869695,b'       05507600',1343.0,-91.679214,39.434944,b'       05507600'
4867221,4867203,b'       05508805',1575.0,-91.34726,39.520103,b'       05508805'
2507315,2507373,b'       05514500',3115.0,-90.96421,39.014946,b'       05514500'
13454068,13454034,b'       05525500',2767.0,-87.71896,40.636253,b'       05525500'
14836121,14836139,b'       05556500',2158.0,-89.49796,41.36719,b'       05556500'
13802760,13802764,b'       05584500',992.0,-90.894295,40.3308,b'       05584500'
13803642,13803636,b'       05585000',2114.0,-90.63244,40.02662,b'       05585000'
13771102,13771078,b'       05591550',1773.0,-88.53237,39.50546,b'       05591550'
13771802,13771804,b'       05592050',5295.0,-88.89381,39.38733,b'       05592050'
13869098,13869102,b'       05592575',2122.0,-88.95703,38.934605,b'       05592575'
13873068,13872672,b'       05593575',2311.0,-89.4153,38.44763,b'       05593575'
13881906,13881458,b'       05593900',1274.0,-89.35051,39.149628,b'       05593900'
13783124,13781558,b'       05595730',3073.0,-89.041725,38.256115,b'       05595730'
3059764,3060252,b'       06037500',1530.0,-111.07032,44.660618,b'       06037500'
3855315,3855285,b'       06043500',299.0,-111.270706,45.49846,b'       06043500'
2965578,2965686,b'       06188000',4956.0,-110.37365,44.92348,b'       06188000'
4369760,4369874,b'       06191500',2390.0,-110.79817,45.119465,b'       06191500'
12899984,12901000,b'       06221400',2590.0,-109.41209,43.344463,b'       06221400'
12900462,12900470,b'       06224000',699.0,-109.206024,43.175323,b'       06224000'
12804142,12804154,b'       06278300',2051.0,-107.39635,44.504177,b'       06278300'
12788124,12788120,b'       06280300',155.0,-109.55495,44.207657,b'       06280300'
12771343,12770867,b'       06289000',1481.0,-107.61486,45.008266,b'       06289000'
5348813,5348817,b'       06311000',1518.0,-107.08057,44.027325,b'       06311000'
21539242,21539230,b'       06332515',3229.0,-102.77518,47.78442,b'       06332515'
16247217,16248121,b'       06339100',4794.0,-102.77846,47.233776,b'       06339100'
16247437,16247337,b'       06339500',8695.0,-102.06241,47.155067,b'       06339500'
16233369,16233377,b'       06344600',7097.0,-103.038765,47.025143,b'       06344600'
16213178,16213240,b'       06350000',5070.0,-102.55413,46.427456,b'       06350000'
21860180,21860182,b'       06352000',5349.0,-102.468155,46.154743,b'       06352000'
21861216,21861200,b'       06353000',3915.0,-101.32834,46.091183,b'       06353000'
16203752,16203724,b'       06354000',2477.0,-100.93106,46.380455,b'       06354000'
11258604,11258600,b'       06360500',4804.0,-100.858894,45.260666,b'       06360500'
14396112,14396122,b'       06404000',978.0,-103.33816,43.875298,b'       06404000'
14396284,14396296,b'       06406000',4652.0,-103.19175,43.828167,b'       06406000'
17532989,17532979,b'       06408700',4581.0,-103.86376,44.13034,b'       06408700'
17533503,17533791,b'       06409000',987.0,-103.826096,44.012512,b'       06409000'
1318968,1318986,b'394220106431500',1600.0,-106.72584,39.70479,b'394220106431500'
5481765,5481755,b'       06431500',1182.0,-103.86312,44.48594,b'       06431500'
16131765,16131669,b'       06440200',1759.0,-101.7712,43.965096,b'       06440200'
16128803,16130343,b'       06441500',5008.0,-100.38661,44.331676,b'       06441500'
16074848,16075256,b'       06447000',2212.0,-101.52419,43.75221,b'       06447000'
20179529,20179473,b'       06447500',1445.0,-101.633514,43.17047,b'       06447500'
20177973,20177979,b'       06450500',900.0,-100.744576,43.601254,b'       06450500'
11547654,11547766,b'       06452000',14328.0,-99.52425,43.752625,b'       06452000'
11673186,11673184,b'       06453600',4212.0,-98.176254,42.810875,b'       06453600'
11654348,11654354,b'       06464500',3542.0,-99.77584,43.023037,b'       06464500'
12570210,12570206,b'       06468170',1901.0,-98.85857,47.557247,b'       06468170'
12576056,12576066,b'       06468250',5853.0,-98.79713,47.402985,b'       06468250'
11468868,11468876,b'       06470800',4189.0,-98.076836,46.236248,b'       06470800'
12664828,12664628,b'       06477500',12493.0,-98.26115,43.77398,b'       06477500'
9370700,9370706,b'       06479215',5738.0,-97.18609,45.185722,b'       06479215'
9370962,9370976,b'       06479438',3173.0,-97.1678,45.012325,b'       06479438'
17244016,17244010,b'       06601000',2093.0,-96.48799,42.32051,b'       06601000'
16000378,16000368,b'       06614800',2682.0,-105.86847,40.486256,b'       06614800'
15983485,15983511,b'       06622700',1657.0,-106.52172,41.36932,b'       06622700'
15984809,15984777,b'       06623800',2061.0,-106.82318,41.0218,b'       06623800'
15968457,15968453,b'       06632400',720.0,-106.225105,41.583717,b'       06632400'
2900149,2900129,b'       06746095',576.0,-105.88083,40.541206,b'       06746095'
17356815,17356977,b'       06784000',601.0,-98.74163,41.03144,b'       06784000'
17405547,17405835,b'       06803510',3367.0,-96.67607,40.887253,b'       06803510'
17399459,17399475,b'       06803530',829.0,-96.54574,41.0185,b'       06803530'
19158238,19158244,b'       06814000',2922.0,-96.09866,39.94515,b'       06814000'
8364344,8364342,b'       06847900',2937.0,-100.094505,39.766792,b'       06847900'
19017621,19017107,b'       06853800',1677.0,-98.25058,39.899124,b'       06853800'
3539121,3539113,b'       06876700',2209.0,-97.833015,39.139954,b'       06876700'
18880718,18880764,b'       06878000',3650.0,-97.03994,39.031788,b'       06878000'
18841318,18841314,b'       06879650',1294.0,-96.59769,39.10326,b'       06879650'
2277053,2277071,b'       06885500',3045.0,-96.44337,39.67852,b'       06885500'
3643688,3643704,b'       06888500',3459.0,-96.16123,39.063766,b'       06888500'
3645652,3645672,b'       06889200',762.0,-95.87396,39.20267,b'       06889200'
3646124,3646108,b'       06889500',1427.0,-95.72318,39.099995,b'       06889500'
3729049,3729091,b'       06892000',865.0,-95.01116,39.1157,b'       06892000'
5124308,5124322,b'       06903400',1255.0,-93.25545,40.95249,b'       06903400'
5995392,5995376,b'       06906800',4456.0,-92.9689,38.699722,b'       06906800'
10116766,10116938,b'       06910800',3332.0,-95.96774,38.560158,b'       06910800'
10117754,10115408,b'       06911900',2495.0,-95.835396,38.710335,b'       06911900'
7360005,7359833,b'       06917000',2062.0,-94.715004,38.01744,b'       06917000'
7374577,7374533,b'       06918460',580.0,-93.802475,37.401867,b'       06918460'
7371515,7371499,b'       06919500',1936.0,-93.87489,37.83095,b'       06919500'
7388043,7388007,b'       06921070',5028.0,-93.381165,37.672688,b'       06921070'
7388709,7387709,b'       06921200',4232.0,-93.27306,37.752884,b'       06921200'
7445669,7445287,b'       06934000',1150.0,-91.82048,38.38625,b'       06934000'
5053369,5054201,b'       07014500',1816.0,-91.10942,38.159138,b'       07014500'
11818755,11817455,b'       07056000',2354.0,-92.74833,35.982883,b'       07056000'
7650991,7651759,b'       07057500',449.0,-92.24816,36.621105,b'       07057500'
11834118,11834170,b'       07060710',963.0,-92.21097,35.993324,b'       07060710'
7518797,7518821,b'       07066000',722.0,-91.35648,37.154194,b'       07066000'
7524421,7524427,b'       07067000',672.0,-91.01278,36.991337,b'       07067000'
7523285,7523291,b'       07068000',2298.0,-90.850525,36.626442,b'       07068000'
7572703,7571985,b'       07071500',2964.0,-91.20102,36.64076,b'       07071500'
916821,916533,b'       07083000',9021.0,-106.38659,39.17761,b'       07083000'
21195628,21195266,b'       07142300',24536.0,-98.89937,37.867916,b'       07142300'
21166753,21166239,b'       07145700',1852.0,-97.40194,37.24636,b'       07145700'
21028210,21028040,b'       07148400',5379.0,-98.64025,36.81589,b'       07148400'
21014649,21014035,b'       07149000',2748.0,-98.46316,37.039165,b'       07149000'
20987715,20986743,b'       07151500',2958.0,-97.60386,37.12953,b'       07151500'
21517052,21517040,b'       07167500',1718.0,-96.222565,37.709602,b'       07167500'
20920709,20920711,b'       07180500',800.0,-96.82205,38.198643,b'       07180500'
20874950,20876000,b'       07184000',1704.0,-95.02828,37.27787,b'       07184000'
399452,397456,b'       07195800',1581.0,-94.431114,36.2593,b'       07195800'
400822,400816,b'       07196900',975.0,-94.48353,35.8791,b'       07196900'
400496,400540,b'       07197000',3622.0,-94.835625,35.924282,b'       07197000'
20060156,20059876,b'       07208500',4918.0,-104.975044,36.372726,b'       07208500'
20026105,20026253,b'       07226500',2161.0,-103.519226,35.440693,b'       07226500'
7817394,7817414,b'       07261000',12226.0,-92.420586,35.309383,b'       07261000'
22846153,22846169,b'       07263295',324.0,-92.77499,34.87553,b'       07263295'
19138473,19138465,b'       07290650',1211.0,-90.87949,32.014156,b'       07290650'
19115892,19110782,b'       07291000',1321.0,-90.778595,31.505745,b'       07291000'
19112978,19112974,b'       07292500',2256.0,-91.11601,31.318642,b'       07292500'
19104913,19104903,b'       07295000',3012.0,-91.289055,31.229984,b'       07295000'
13741403,13740009,b'       07299670',4225.0,-99.75041,34.36067,b'       07299670'
13754363,13753663,b'       07301410',8154.0,-100.12056,35.473232,b'       07301410'
13756121,13756263,b'       07301500',4288.0,-99.52438,35.15906,b'       07301500'
13660367,13660337,b'       07315200',2017.0,-98.08655,33.815228,b'       07315200'
3132401,3133679,b'       07315700',3369.0,-97.5651,34.00316,b'       07315700'
588170,588176,b'       07335700',464.0,-94.61341,34.63811,b'       07335700'
3746094,3746098,b'       07340300',5604.0,-94.23683,34.360794,b'       07340300'
1017865,1017863,b'       07346045',14192.0,-94.381355,32.792336,b'       07346045'
22000700,22000720,b'       07359610',574.0,-93.60507,34.38191,b'       07359610'
21956120,21954826,b'       07362100',1057.0,-92.77549,33.37727,b'       07362100'
21919761,21919751,b'       07362587',1488.0,-92.930824,34.798115,b'       07362587'
19376616,19376624,b'       07373000',2537.0,-92.41031,31.537254,b'       07373000'
18928210,18927902,b'       07375000',6326.0,-90.2495,30.620869,b'       07375000'
20090368,20091016,b'       07376000',2608.0,-90.68132,30.508196,b'       07376000'
15085941,15085613,b'       08013000',2242.0,-92.67575,30.992838,b'       08013000'
15078398,15078400,b'       08014500',10265.0,-92.899895,30.685213,b'       08014500'
9533087,9533695,b'       08023080',6928.0,-93.94074,31.963305,b'       08023080'
8329634,8336286,b'       08025500',2285.0,-93.51264,31.311962,b'       08025500'
8330722,8330480,b'       08029500',35956.0,-93.78589,30.776794,b'       08029500'
1275870,1275886,b'       08050800',7415.0,-96.9446,33.55068,b'       08050800'
1487570,1487590,b'       08066200',4225.0,-94.955055,30.707243,b'       08066200'
1494036,1493958,b'       08066300',13896.0,-94.760155,30.472445,b'       08066300'
1520007,1520241,b'       08070000',10119.0,-95.1054,30.348267,b'       08070000'
1520083,1520079,b'       08070200',5528.0,-95.12835,30.131832,b'       08070200'
13698835,13698839,b'       08079600',2360.0,-101.19916,33.038277,b'       08079600'
5542148,165912326,b'       08082700',6882.0,-99.468254,33.326622,b'       08082700'
5525607,5524989,b'       08086212',5375.0,-99.12414,32.73705,b'       08086212'
5525073,5525977,b'       08086290',1069.0,-99.00391,32.65095,b'       08086290'
2580511,2580519,b'       08101000',1628.0,-97.88088,31.285131,b'       08101000'
5587890,5587882,b'       08103900',2308.0,-98.04367,30.909698,b'       08103900'
5671579,5670913,b'       08104900',23559.0,-97.75753,30.623281,b'       08104900'
5570395,5570383,b'       08109700',6087.0,-96.89019,30.338655,b'       08109700'
5770545,5769819,b'       08150800',3748.0,-99.095856,30.644773,b'       08150800'
5781265,5781269,b'       08155200',4964.0,-97.90831,30.30602,b'       08155200'
5780099,5781483,b'       08158700',2458.0,-98.01096,30.080929,b'       08158700'
5781401,5781417,b'       08158810',4233.0,-97.937454,30.15612,b'       08158810'
7842827,7842829,b'       08164000',1595.0,-96.69051,28.963676,b'       08164000'
7846049,7846067,b'       08164300',4629.0,-96.810555,29.458067,b'       08164300'
9349285,9349291,b'       08164600',11608.0,-96.820076,28.891975,b'       08164600'
3585678,3586214,b'       08165300',2389.0,-99.38704,30.064644,b'       08165300'
1631023,1631031,b'       08171300',6204.0,-97.9102,29.97849,b'       08171300'
1623207,1623227,b'       08175000',1773.0,-97.4492,29.214931,b'       08175000'
1638559,1638575,b'       08176900',1571.0,-97.22904,28.863644,b'       08176900'
10833740,10833752,b'       08178880',3954.0,-99.0616,29.729618,b'       08178880'
5289461,5290223,b'       08189500',8041.0,-97.27886,28.271646,b'       08189500'
7872253,942110019,b'       08190000',4011.0,-99.99324,29.42051,b'       08190000'
7876116,7875850,b'       08190500',4943.0,-100.24151,29.484997,b'       08190500'
10634531,10634089,b'       08194200',4667.0,-98.961815,27.972137,b'       08194200'
10645755,10645809,b'       08195000',2348.0,-99.70966,29.489672,b'       08195000'
10644541,10645757,b'       08196000',973.0,-99.78167,29.504122,b'       08196000'
10646003,10646927,b'       08198500',12476.0,-99.47542,29.292004,b'       08198500'
10654651,10654655,b'       08200000',1044.0,-99.24932,29.570862,b'       08200000'
10655687,10655699,b'       08202700',7064.0,-99.291435,29.367752,b'       08202700'
17863440,17863000,b'       08267500',5624.0,-105.54008,36.551983,b'       08267500'
17864360,17864362,b'       08269000',196.0,-105.50439,36.439747,b'       08269000'
17863078,17864266,b'       08271000',3837.0,-105.53022,36.50834,b'       08271000'
17826714,17826718,b'       08324000',280.0,-106.74289,35.662052,b'       08324000'
20815146,20814414,b'       08377900',2804.0,-105.64834,35.78255,b'       08377900'
20815180,20814506,b'       08378500',691.0,-105.68284,35.710785,b'       08378500'
20815196,20815192,b'       08380500',4572.0,-105.32213,35.650307,b'       08380500'
1239681,1239421,b'       09034900',7344.0,-105.90539,39.75212,b'       09034900'
1238533,1238069,b'       09035900',1707.0,-106.030594,39.795433,b'       09035900'
1314083,1314057,b'       09047700',8914.0,-105.95618,39.56845,b'       09047700'
1320264,1319346,b'       09065500',3479.0,-106.26135,39.629345,b'       09065500'
1320274,1319492,b'       09066000',1349.0,-106.262596,39.595425,b'       09066000'
1320244,1319264,b'       09066200',1461.0,-106.32125,39.65181,b'       09066200'
1319214,1319236,b'       09066300',8075.0,-106.37028,39.67647,b'       09066300'
1326465,1326129,b'       09081600',2516.0,-107.230576,39.23611,b'       09081600'
1333022,1333580,b'       09107000',1357.0,-106.56464,38.86466,b'       09107000'
18354249,18354205,b'       09210500',4161.0,-110.43427,42.0954,b'       09210500'
3192546,3192080,b'       09223000',5012.0,-110.71299,42.1102,b'       09223000'
3240437,3240407,b'       09306242',3894.0,-108.45367,39.927452,b'       09306242'
3906361,3906369,b'       09312600',1326.0,-111.03531,39.872543,b'       09312600'
17034207,17034219,b'       09352900',1538.0,-107.54739,37.472317,b'       09352900'
3272718,3272708,b'       09378170',2224.0,-109.377625,37.844852,b'       09378170'
1399324,1399000,b'       09378630',2884.0,-109.47445,37.758507,b'       09378630'
20572245,20573331,b'       09386900',3741.0,-108.547585,35.284676,b'       09386900'
10025746,10025778,b'       09404450',1283.0,-112.60232,37.33416,b'       09404450'
2430698,2430758,b'       09430500',6344.0,-108.53323,33.065693,b'       09430500'
2430436,2430544,b'       09430600',740.0,-108.65064,33.16859,b'       09430600'
21327929,21327961,b'       09447800',2350.0,-109.530754,32.95485,b'       09447800'
15907963,15907989,b'       09480000',3735.0,-110.590256,31.3529,b'       09480000'
15893872,15893894,b'       09484000',2045.0,-110.81135,32.31471,b'       09484000'
15894416,15894414,b'       09484600',1428.0,-110.673065,32.032696,b'       09484600'
20488086,20488072,b'       09492400',629.0,-109.81489,33.820763,b'       09492400'
20487236,20487062,b'       09494000',1258.0,-110.166695,33.73553,b'       09494000'
22440644,22440648,b'       09497800',1102.0,-110.55731,33.842045,b'       09497800'
22440682,22440714,b'       09497980',1221.0,-110.85885,33.83028,b'       09497980'
20454544,20454582,b'       09505200',2562.0,-111.67323,34.675373,b'       09505200'
20454522,20453830,b'       09505350',2279.0,-111.778725,34.72146,b'       09505350'
20435246,20435308,b'       09505800',1126.0,-111.693115,34.538418,b'       09505800'
20437386,20438374,b'       09508300',13627.0,-111.65891,34.177067,b'       09508300'
20440676,20439860,b'       09510200',1351.0,-111.54656,33.69355,b'       09510200'
20476698,20476708,b'       09512280',1780.0,-111.95733,33.88472,b'       09512280'
20415812,20415896,b'       09513780',9631.0,-112.112366,33.96883,b'       09513780'
7880800,7879518,b'       10023000',5842.0,-111.23836,41.61833,b'       10023000'
10327201,10327559,b'       10166430',287.0,-112.10136,40.4062,b'       10166430'
10396937,10396901,b'       10172700',3276.0,-112.381805,39.98298,b'       10172700'
10395905,10395697,b'       10172800',6854.0,-112.596504,40.49095,b'       10172800'
10818086,10819236,b'       10173450',4107.0,-112.52719,37.615143,b'       10173450'
3506561,3505807,b'       10205030',5297.0,-111.53617,38.892483,b'       10205030'
1215135,1215111,b'       10234500',1663.0,-112.5671,38.280396,b'       10234500'
14597053,14597039,b'       10242000',2406.0,-113.04064,37.67102,b'       10242000'
11339045,11339059,b'       10244950',1037.0,-114.69133,39.19881,b'       10244950'
10696957,10695801,b'       10249300',5185.0,-117.253494,38.874104,b'       10249300'
22593497,22592027,b'       10258000',4852.0,-116.57116,33.79923,b'       10258000'
22593537,22592143,b'       10258500',1584.0,-116.535835,33.749798,b'       10258500'
22592131,22592111,b'       10259000',3024.0,-116.548935,33.76051,b'       10259000'
22592497,22592417,b'       10259200',3830.0,-116.39176,33.636433,b'       10259200'
22684930,22683374,b'       10263500',663.0,-117.83899,34.418808,b'       10263500'
8920579,8920581,b'       10310500',6556.0,-119.79866,39.113876,b'       10310500'
10786444,10786414,b'       10316500',5114.0,-115.46237,40.672386,b'       10316500'
11137442,11136380,b'       10329500',1512.0,-117.41668,41.53546,b'       10329500'
8941733,8942097,b'       10336645',6543.0,-120.14424,39.04394,b'       10336645'
8941693,8942075,b'       10336660',2875.0,-120.1733,39.108757,b'       10336660'
8933522,8933518,b'       10343500',396.0,-120.23885,39.431328,b'       10343500'
8935820,8935294,b'       10348850',4968.0,-119.84036,39.36033,b'       10348850'
24013585,24013583,b'       10396000',4133.0,-118.86711,42.78726,b'       10396000'
22514774,22514800,b'       11098000',3805.0,-118.17981,34.22583,b'       11098000'
17611425,17611573,b'       11124500',898.0,-119.9114,34.594364,b'       11124500'
8193647,8193701,b'       11141280',3420.0,-120.47412,35.239223,b'       11141280'
8189809,8188957,b'       11143000',834.0,-121.77334,36.24568,b'       11143000'
8209949,8209965,b'       11148900',1678.0,-121.10248,35.78822,b'       11148900'
8205487,8203187,b'       11151300',3432.0,-121.06357,36.261395,b'       11151300'
17688105,17688129,b'       11162500',851.0,-122.330315,37.26025,b'       11162500'
2806807,2806777,b'       11176400',1931.0,-121.67569,37.556263,b'       11176400'
2804369,2805473,b'       11180500',3303.0,-122.02944,37.599594,b'       11180500'
2804901,2805077,b'       11180960',5216.0,-122.05252,37.729195,b'       11180960'
14883269,14883275,b'       11224500',2573.0,-120.467865,36.217136,b'       11224500'
14882615,14882597,b'       11253310',2988.0,-120.42773,36.395294,b'       11253310'
21609533,21609427,b'       11264500',2596.0,-119.55885,37.736423,b'       11264500'
21609641,21609627,b'       11266500',907.0,-119.6685,37.716743,b'       11266500'
2828012,2828006,b'       11274500',3399.0,-121.11948,37.320827,b'       11274500'
2827982,2821816,b'       11274630',5891.0,-121.195305,37.49356,b'       11274630'
17078425,17078423,b'       11284400',829.0,-120.18178,37.841793,b'       11284400'
348419,348427,b'       11299600',1643.0,-120.61461,37.965614,b'       11299600'
8019544,12068316,b'       11381500',3201.0,-122.01893,40.054726,b'       11381500'
8020924,12069362,b'       11383500',14114.0,-121.896164,40.020115,b'       11383500'
8005975,8005997,b'       11451100',1307.0,-122.62003,39.165752,b'       11451100'
2665525,2663781,b'       11468500',294.0,-123.737,39.427994,b'       11468500'
8295207,8295203,b'       11473900',1076.0,-123.324615,39.706852,b'       11473900'
8287590,8287574,b'       11475560',3602.0,-123.62933,39.72816,b'       11475560'
8284190,8284784,b'       11476600',678.0,-124.00409,40.350616,b'       11476600'
2705477,2705485,b'       11478500',2166.0,-123.89476,40.482697,b'       11478500'
8320019,8320013,b'       11480390',784.0,-123.335655,40.284935,b'       11480390'
8315847,8315833,b'       11481200',2694.0,-124.076904,41.010094,b'       11481200'
8315607,8315605,b'       11482500',4648.0,-124.068016,41.286896,b'       11482500'
8261865,8258809,b'       11522500',1955.0,-123.48367,41.377842,b'       11522500'
8242324,8242340,b'       11523200',1498.0,-122.70693,41.10781,b'       11523200'
8232392,8233476,b'       11528700',2069.0,-123.49675,40.652763,b'       11528700'
22226812,22226810,b'       11532500',656.0,-124.07995,41.792313,b'       11532500'
23864404,23864402,b'       12010000',8361.0,-123.72369,46.381134,b'       12010000'
23864616,23864614,b'       12013500',3863.0,-123.66436,46.649204,b'       12013500'
23850487,23850453,b'       12020000',4312.0,-123.275536,46.621452,b'       12020000'
23850671,23850369,b'       12025000',10862.0,-122.95635,46.624676,b'       12025000'
23850773,23850771,b'       12025700',2577.0,-122.59898,46.77575,b'       12025700'
23856727,23856725,b'       12035000',2445.0,-123.498825,47.00916,b'       12035000'
23844955,23844953,b'       12040500',3161.0,-124.31612,47.534496,b'       12040500'
23838194,23838192,b'       12041200',6119.0,-124.25975,47.797726,b'       12041200'
23838568,23838566,b'       12043000',10192.0,-124.40405,47.960114,b'       12043000'
23997388,23997386,b'       12048000',1543.0,-123.13112,48.015884,b'       12048000'
24287056,24287054,b'       12054000',6711.0,-123.0176,47.682858,b'       12054000'
24285534,24285532,b'       12056500',416.0,-123.32872,47.51332,b'       12056500'
23989205,23989201,b'       12073500',5968.0,-122.70502,47.412426,b'       12073500'
24282122,24282120,b'       12082500',3377.0,-122.09172,46.75157,b'       12082500'
23980479,23980477,b'       12092000',890.0,-122.03476,46.90363,b'       12092000'
23980763,23980613,b'       12095000',10068.0,-122.13199,47.129063,b'       12095000'
24538014,24538010,b'       12114500',313.0,-121.54919,47.34198,b'       12114500'
24537996,24537994,b'       12115000',2879.0,-121.63581,47.37261,b'       12115000'
24537972,24537970,b'       12115500',3624.0,-121.67708,47.357395,b'       12115500'
24537924,24537922,b'       12117000',1367.0,-121.84814,47.387142,b'       12117000'
23970363,23970361,b'       12141300',1526.0,-121.64871,47.485607,b'       12141300'
23970289,23970287,b'       12143600',962.0,-121.71425,47.453922,b'       12143600'
23970271,23970269,b'       12144000',3997.0,-121.78728,47.490036,b'       12144000'
23970215,23970213,b'       12145500',5586.0,-121.900536,47.54971,b'       12145500'
23970779,23970777,b'       12147500',2494.0,-121.78733,47.71279,b'       12147500'
23970773,23970771,b'       12147600',6863.0,-121.57089,47.70299,b'       12147600'
24274653,24274651,b'       12167000',4124.0,-122.038025,48.25986,b'       12167000'
24255219,24255217,b'       12175500',2074.0,-121.0691,48.666622,b'       12175500'
24255169,24255167,b'       12178100',4162.0,-121.24139,48.657104,b'       12178100'
24264875,24264873,b'       12186000',571.0,-121.472786,48.170013,b'       12186000'
24264763,24264761,b'       12189500',3536.0,-121.57131,48.43067,b'       12189500'
22957049,22957045,b'       12358500',2566.0,-114.009445,48.49575,b'       12358500'
24357005,24357003,b'       12374250',5221.0,-114.72398,47.823887,b'       12374250'
24356439,24356437,b'       12375900',2926.0,-114.01119,47.495094,b'       12375900'
24356265,24356263,b'       12377150',1356.0,-113.978516,47.323265,b'       12377150'
24356091,24356089,b'       12381400',3894.0,-113.82974,47.192867,b'       12381400'
22976274,22976272,b'       12390700',890.0,-115.356674,47.587925,b'       12390700'
24373072,24373012,b'       12411000',778.0,-115.976006,47.704685,b'       12411000'
23004329,23004327,b'       12414500',3388.0,-116.18895,47.27427,b'       12414500'
24384943,24385053,b'       12447390',2318.0,-120.15011,48.831326,b'       12447390'
23073999,23073997,b'       12451000',883.0,-120.69251,48.33017,b'       12451000'
24422913,24422911,b'       12488500',6134.0,-121.19274,46.97253,b'       12488500'
23123373,23123725,b'       13011500',1056.0,-110.51856,43.850502,b'       13011500'
23123209,23123207,b'       13011900',4088.0,-110.44035,43.837067,b'       13011900'
24432663,24432661,b'       13018300',8918.0,-110.66889,43.439934,b'       13018300'
24432173,24432171,b'       13023000',4401.0,-110.963326,43.14205,b'       13023000'
23184753,23184751,b'       13083000',2933.0,-113.97324,42.17034,b'       13083000'
23287111,23286987,b'       13161500',5604.0,-115.67534,41.932087,b'       13161500'
24158523,24158503,b'       13235000',1826.0,-115.6189,44.081432,b'       13235000'
24177409,24177407,b'       13240000',2268.0,-115.98969,44.914196,b'       13240000'
23551284,23551256,b'       13310700',2143.0,-115.7245,44.99206,b'       13310700'
23551584,23551582,b'       13313000',7334.0,-115.48877,44.936447,b'       13313000'
23436993,23436991,b'       13331500',4133.0,-117.729546,45.60902,b'       13331500'
23588130,23588128,b'       13337000',1637.0,-115.58278,46.155304,b'       13337000'
23597191,23597189,b'       13338500',236.0,-115.97621,46.086666,b'       13338500'
23606382,23606380,b'       13340000',1409.0,-116.260345,46.48089,b'       13340000'
23630350,23630308,b'       13340600',451.0,-115.618515,46.84021,b'       13340600'
23648622,23648620,b'       14020000',1513.0,-118.32507,45.717754,b'       14020000'
23719653,23719651,b'       14092750',7157.0,-121.62321,44.754467,b'       14092750'
23719315,23719313,b'       14096850',4659.0,-121.38215,44.940586,b'       14096850'
23735819,23735817,b'       14137000',2996.0,-122.13048,45.390522,b'       14137000'
23736071,23736069,b'       14138800',1220.0,-121.895,45.455555,b'       14138800'
23736433,23736431,b'       14138870',5162.0,-122.01323,45.47143,b'       14138870'
23736093,23736091,b'       14138900',489.0,-122.034,45.498333,b'       14138900'
23736041,23736039,b'       14139800',3521.0,-122.09694,45.442608,b'       14139800'
23735991,23735989,b'       14141500',2666.0,-122.161606,45.41488,b'       14141500'
23759452,23759450,b'       14154500',1868.0,-122.87233,43.73495,b'       14154500'
23773371,23773369,b'       14158500',2502.0,-121.9974,44.35045,b'       14158500'
23773393,23773391,b'       14158790',1427.0,-122.048904,44.337345,b'       14158790'
23763161,23763159,b'       14166500',5017.0,-123.420364,44.043385,b'       14166500'
23780805,23780481,b'       14182500',4885.0,-122.58423,44.790108,b'       14182500'
23785793,23785791,b'       14185000',1043.0,-122.496025,44.39282,b'       14185000'
23786019,23786017,b'       14185900',343.0,-122.43633,44.538933,b'       14185900'
23785723,23785721,b'       14187000',2822.0,-122.63104,44.376907,b'       14187000'
24242219,24243661,b'       14216500',2595.0,-122.00178,46.07717,b'       14216500'
24241689,24241687,b'       14222500',1651.0,-122.47537,45.83466,b'       14222500'
24249034,24249032,b'       14236200',1553.0,-122.46643,46.59505,b'       14236200'
23871899,23871877,b'       14301000',1614.0,-123.75909,45.70644,b'       14301000'
23876773,23876159,b'       14303200',2634.0,-123.54581,45.32444,b'       14303200'
23880874,23880872,b'       14305500',866.0,-123.88636,44.714855,b'       14305500'
23887140,23886370,b'       14306340',6407.0,-123.6035,44.25288,b'       14306340'
23886298,23886296,b'       14306500',4740.0,-123.84727,44.392162,b'       14306500'
23901309,23901307,b'       14308990',3786.0,-123.127884,42.822712,b'       14308990'
23901147,23901145,b'       14309500',3633.0,-123.61616,42.801605,b'       14309500'
23894572,23894204,b'       14316700',907.0,-122.73198,43.34564,b'       14316700'
23914567,23914565,b'       14325000',2759.0,-124.06937,42.89038,b'       14325000'
23935979,23935977,b'       14362250',1644.0,-123.0665,42.154106,b'       14362250'
23949601,23949599,b'       14400000',2695.0,-124.18534,42.126617,b'       14400000'
