gage,basin_length_d,basin_area_d,reach_length_d,basin_length_u,basin_area_u,reach_length_u
05413500,0.0900277854087536,0.0002098682101968,0.0218198272955431,0.0981573843265572,0.0003322431011513,0.0217105390750718
04040500,0.0148525796066899,7.710615771737407e-06,0.0026558845546608,0.039245526945032,4.731099603769309e-05,0.012397762734733
04043050,0.0292252969395545,2.9607873231270736e-05,0.0062967739780985,0.1600065395231867,0.0006526592457297,0.0342433340717457
03182500,0.0764729730636698,0.0001423264409942,0.0125126630561246,0.1681008244575513,0.0006174226430544,0.0325895118838554
09065500,0.1543882276610049,0.000607965070546,0.0232238590350356,0.136323988429133,0.0006611129876024,0.0413369921197023
09404450,0.1057699895441809,0.0002037513078064,0.01291276987676,0.0647907934113606,0.0001087711870337,0.0128146828189871
06911900,0.0793100133575036,0.0001469793750943,0.0152077724875394,0.0613203669077207,8.417063290228736e-05,0.0103814608639237
05585000,0.0740611689693775,0.0001129040721992,0.0145984026855998,0.2017454414514469,0.0007025616021873,0.0295654001928126
03340800,0.3497307971899903,0.0029749340182606,0.0666713503104547,0.2275368898744748,0.0009075980841288,0.0214671922785571
09066000,0.1376394457957343,0.0003295736581904,0.0099944744873736,0.1055644117978107,0.0001483475618939,0.0044757743676111
06910800,0.1215945218960111,0.0004078545419862,0.0561989753477978,0.0923541542839093,0.000199621790539,0.0285333727546716
02384540,0.1669404159095134,0.0005260184849956,0.0348434801645908,0.055853830402012,9.607806973769154e-05,0.003027452948563
04056500,0.1643960490901032,0.0003922793494712,0.0282996291893966,0.1705333158960769,0.0005513169704003,0.0674241664768665
05123400,0.401796080652501,0.0033590282519392,0.1995314517548923,0.2300562704100285,0.001088915241663,0.0211615999686407
01170100,0.1388192777656476,0.0005358350524793,0.0266803526125192,0.0723822446573747,0.0001239329772937,0.0183174784987067
07315200,0.086745538909502,0.0001949289404836,0.0148647154849717,0.0463032305655722,5.393923173787376e-05,0.0109924417941148
03291780,0.1404397641196438,0.0005431816311781,0.0301051191537901,0.1423074602725335,0.000502067133769,0.0317428967994194
07346045,0.2927972499613929,0.0021624861729828,0.0473154966160968,0.1838837338491246,0.0009430840259936,0.0566095221029315
02152100,0.1140142257385143,0.0003373380539202,0.0451017101720436,0.1042536638822592,0.0002432710533288,0.0321829387306237
10234500,0.0423725037219412,4.086398286087921e-05,0.0025345237867911,0.0820839635721531,0.0001368451169048,0.008475674729409
05120500,0.0115555555569792,6.423480533194391e-06,0.0028923546219133,0.3990445597587056,0.0015993212106575,0.0167451805101866
10166430,0.3769436945566747,0.0008886616906388,0.1146006042335916,0.0159213474317198,8.024653045071188e-06,0.0025837062010013
09081600,0.0079638658200288,2.0660054057998822e-06,0.0014471754745031,0.1836674096767874,0.0007495171071182,0.0336700651643084
02327100,0.1768058562970903,0.000790408263662,0.0466503962916197,0.2847761953420858,0.0012078188382665,0.038677022052406
05412500,0.2171921475047117,0.0010577763658855,0.0704978282783641,0.0806578582317917,0.0001797312996247,0.0214943230675201
03300400,0.0530217209909369,9.219735137715358e-05,0.0129659695219674,0.0817356468228302,0.0002056849042655,0.0294356409630492
01169000,0.0223989054751096,1.0865374695348305e-05,0.0030852601861941,0.0563931712501758,9.406802636418146e-05,0.0131897513532941
07060710,0.107995855915201,0.0002740744256215,0.0318977275005251,0.0660247691033701,0.0001251666115716,0.0120126126617553
09035900,0.0747886649007168,7.733515145593032e-05,0.0154570918395567,0.0905255476199985,0.0002341777244897,0.0210426118629068
05056000,0.1065055654108334,0.0003019786507963,0.0360587225708486,0.3875297173496726,0.0029268894537248,0.0468082498550603
10172700,0.0398170219780032,5.419748359441296e-05,0.0078087552989298,0.014241554235917,6.924719840905325e-06,0.0024498412243075
03346000,0.2733112606039549,0.0015089869074513,0.0668098956056752,0.2991212341445859,0.0019240205442263,0.0734186156360641
03180500,0.0795806340364456,0.000221755359751,0.0190025601415007,0.0820745801470129,0.0001643892052072,0.0119002301039694
09047700,0.0485585774450875,6.219342730335824e-05,0.0072915895838394,0.1172667124499879,0.0004262466728258,0.0241387511904563
02082950,0.0724391681167923,0.0001475872834771,0.0199896018149374,0.0288955978520663,2.8242094772456716e-05,0.0028771260349604
02108000,0.0130691092673436,7.892687808972671e-06,0.0035160544809607,0.0436983422942444,5.348865303127753e-05,0.0070907375376318
11383500,0.065638019866707,7.538699032275348e-05,0.002986683269179,0.2033693029416259,0.0009973930186641,0.0450383574884246
04045500,0.1026322179088916,0.0001799906725003,0.0056155362881313,0.0220186332476686,1.8265413087243935e-05,0.0061459910877282
05057000,0.0336319762070491,4.731726217761263e-05,0.0145594841677513,0.0184258730467322,1.1056899242283823e-05,0.0038669972069657
05444000,0.0448944832955657,5.867814553975742e-05,0.015536566968723,0.0517165819690774,9.349161621654958e-05,0.0181785205353298
02221525,0.0428098981510083,3.86634593226661e-05,0.0058106540135728,0.1066250867323749,0.0002292609081102,0.0097581100074793
04124000,0.0587232415997269,0.0001079374689402,0.0139699263687594,0.3099473807681141,0.0023432550875677,0.0168407000477294
09066200,0.1774936198742571,0.0011021798454586,0.0528975700024383,0.1376394457957343,0.0003295736581904,0.0099944744873736
01596500,0.1430860299752376,0.0006892612591136,0.032816075900148,0.0743643740723385,0.0001674541266814,0.0182833307031971
08194200,0.2305348087998298,0.000771517126657,0.0226925823505699,0.0822059096937761,0.0001248770720636,0.0062805963206897
05414000,0.0899359707376673,0.0001826054584146,0.0126238871488787,0.1261908149995153,0.0003902463675214,0.0322991359950073
08196000,0.1433821858208097,0.0004128799766543,0.0202234826064639,0.0793685238444292,0.0001748243475787,0.0241425395117819
05408000,0.0414988741344623,3.750210701514047e-05,0.0084358287182536,0.1116627444994416,0.0002667050253956,0.0308716816370824
08198500,0.4263557353583406,0.0020809624184593,0.0805628741918491,0.1079372381637871,0.0004393653284482,0.0320508053904053
08195000,0.3413217866150872,0.0021585458646458,0.0790809298334702,0.1747522432566832,0.000869333840464,0.0565320793863558
09107000,0.0711512995498241,0.0001047018304852,0.0051308053861144,0.1642427848412206,0.0002510710988218,0.0346800265713955
08200000,0.1128795745674027,0.000257149223564,0.0229441944098416,0.1409385772798115,0.000445695482688,0.033434268785256
05393500,0.1920006702886162,0.0007044862208758,0.0313640644950996,0.2124562557154012,0.0005254976664377,0.0234638160486835
10249300,0.0365031555080398,2.438882473168391e-05,0.0084019006663395,0.1655841454436639,0.0005864843622229,0.0555218833383388
05454000,0.1143141230655889,0.0003805768841573,0.0321258234973129,0.1259080036421293,0.0004024269384036,0.0304422921992242
04115265,0.3853179015786244,0.0016398224682503,0.0289306454180007,0.0392248936318241,2.962922793133964e-05,0.0043926186191974
06404000,0.0278765963650823,2.4688591832597617e-05,0.0063313987425328,0.0615920967537688,9.821989396115848e-05,0.0012604531400408
10316500,0.0205054952528709,8.245955190358685e-06,0.0016977388347328,0.1510418972746152,0.0007097479412888,0.0370149992445106
05592050,0.121865193593432,0.0003644565895988,0.0241505288314832,0.0954942036428061,0.000257554550833,0.0306811617698109
08202700,0.1476873160186551,0.0006572717831856,0.0394212808460521,0.2057333757801124,0.0010913052010513,0.0746268490194865
07301410,0.0224530955272939,1.6357399946228577e-05,0.0069214158893853,0.1016054748059418,0.0001875112573496,0.0089354901975572
10173450,0.0790851722050225,0.0002022847465723,0.0123492326139155,0.1120772680272728,0.0003735323750442,0.0313206122768894
06289000,0.1954945151558589,0.0010316274127537,0.0396445259222823,0.1365994394802662,0.0002333137716536,0.0237243803292664
08178880,0.1279814586127556,0.000260384836074,0.0282334390533109,0.0661715637930184,6.515575460917137e-05,0.003446038750308
02092500,0.1244234421353397,0.0003878641952255,0.0482560349195271,0.0547167183977011,8.720404267132778e-05,0.0193111190349778
08079600,0.1096853553076063,0.0003344600003665,0.0312345678422886,0.0165779340009061,6.862307354548426e-06,0.00614169091543
02231342,0.1187177053765038,0.0002224825085134,0.0082759393894463,0.3014765161236984,0.0013457628309009,0.0673347361735981
05592575,0.1425722646453266,0.000374905021632,0.0271584853260564,0.0444431482152331,6.117673948128977e-05,0.0102681268468519
09066300,0.1243734731525655,0.0002746985628969,0.0119787948730729,0.0729582210998544,0.0001843110923501,0.0190164988127737
02235200,0.2133171371827107,0.0007565007057483,0.0471450753447671,0.4839712474118766,0.0041075033565207,0.0131541724699259
07299670,0.3194262417023885,0.0021644880633053,0.0795929215027502,0.3260074690010143,0.0026181364769846,0.0921921908738763
03049800,0.0575904887254763,7.296106113045398e-05,0.0145250641438592,0.091686352955751,0.0002361304300744,0.0216253906740997
10329500,0.0816037052925404,0.0001391303589348,0.0039121542594551,0.03686225333619,3.799922166483665e-05,0.0053408842658963
05584500,0.1617490823005025,0.0004498047946942,0.0242354337915065,0.0566927043285561,6.050346940144433e-05,0.0118631768768439
10244950,0.0400796126415189,3.744168894879837e-05,0.0055558225952752,0.0126215177756461,6.102986232486059e-06,0.0032675653210762
11381500,0.112894725679511,0.0003150357607966,0.0273025067612215,0.036070736114358,4.287654573201964e-05,0.0078024189871732
05595730,0.0118110483718365,4.353274517163455e-06,0.0027259094528892,0.0592331418666518,7.094317540004947e-05,0.0095571693632913
06406000,0.1198229714576479,0.0004874492004552,0.0377583549762483,0.1886912200991197,0.0006587188831351,0.0719795630057986
06470800,0.5187869386587903,0.0040450204941497,0.113689632488926,0.1486993758185493,0.0005571112980079,0.0053389577147091
07301500,0.0216093351028609,1.593919513933165e-05,0.004272206459185,0.144329065314499,0.0004546811727057,0.0340471278794693
06464500,0.0179515130758389,1.1130246642476376e-05,0.0044004664267683,0.2421547370893514,0.001524175069322,0.077329225761128
06453600,0.1837750859341508,0.0008285100261071,0.0373723229862673,0.1029365150388231,0.0002846578826027,0.0292302154945024
06278300,0.120780173268645,0.0003205544330767,0.0113398555487789,0.0203111789736084,8.960281534839897e-06,0.0017417044644477
06224000,0.186681245097084,0.0006034895759399,0.0208580717051234,0.0857187740392988,0.0001357164965465,0.0097968695109135
10242000,0.0863188459871786,0.0002000322663428,0.0164913450646088,0.1187873831785626,0.0003936061102905,0.0189090015447989
01583500,0.0674231851085592,0.0001161043170646,0.0159959648623455,0.1283596774109302,0.0003719847920609,0.0219336983346624
01586610,0.0764670860047538,0.0001133888690674,0.0046925572142459,0.0905108310402714,0.0002450083819879,0.0173126423453178
02149000,0.0367583163637375,4.439155261212291e-05,0.0077029787536047,0.1024187986851304,0.0002096378278379,0.0268385815141985
394220106431500,0.1143473796642632,0.0005155260852726,0.022908840492228,0.0567438081915692,9.352177234196736e-05,0.0178520765554709
05399500,0.056256320907315,7.986856072399413e-05,0.0088688726478925,0.0769858071108362,0.0001599894232805,0.0178190181524604
02196000,0.1171465626577287,0.0003408077721716,0.0128240787611511,0.0700862870429449,0.0001156365487511,0.0078779033231512
05591550,0.0162853137712474,9.8970159533536e-06,0.0028863371590995,0.0324740383606146,3.298381399010896e-05,0.005537104087166
07056000,0.0890791691995094,0.0002644544173772,0.0475623817250913,0.0181094950690711,8.814418605576676e-06,0.0023049598093536
01591400,0.0584584087118294,7.794813175440717e-05,0.0134774525731899,0.0321388751787674,3.129562095959582e-05,0.0052476936172167
02296500,0.1600113212372413,0.0006538521767006,0.0494606989754691,0.0579025590979209,4.672209285921837e-05,0.0044628024402699
03384450,0.0375911939546734,2.6214050129900583e-05,0.0044033050298871,0.0955623240907484,0.0002838782838041,0.0203402252200901
04057800,0.1018817830031169,0.0002150910926755,0.0165118271584408,0.0215365533062319,1.339629349550456e-05,0.0038364878478083
05057200,0.0430598650946538,4.626458701485683e-05,0.0058604890463286,0.1378205289773799,0.0004041118839681,0.020555123522082
04127997,0.3553107768681584,0.0026866041661948,0.0995559123290166,0.1131097546220127,0.0003138467452443,0.0193833495604816
06468170,0.0165196638386529,1.1938189349253726e-05,0.0054032278778366,0.3334870352385899,0.0016753603826763,0.0238211503672164
05593575,0.044041967941003,4.7647464339434666e-05,0.0095189615745804,0.0915237147901023,0.0002173318597643,0.016581885752826
06468250,0.2693393963402104,0.0014613766881379,0.0552124921451718,0.0876503418047932,0.0002101278119851,0.0055442685254407
05593900,0.146269255965158,0.0004599311235556,0.02566138470217,0.0608060724129315,9.946753796962702e-05,0.015038712353888
08014500,0.3098189765040323,0.0015008632418229,0.0851425497878812,0.1577656368977167,0.0004647314606645,0.0282897293595491
08066300,0.0716495223236867,0.0001422354762252,0.0163197439892939,0.1431482091179554,0.0003647717994306,0.0397511216555325
06477500,0.1204720115996503,0.00041498717574,0.0585765724081181,0.6911884467059964,0.0046772367023928,0.1210854936178332
08050800,0.1781376379182355,0.0008144980679754,0.0581627411373047,0.0509475022693338,3.175230700009209e-05,0.0068649980390207
06280300,0.0033349717553234,4.053592704479452e-07,0.0003003795598909,0.0093864494853266,2.837064111986809e-06,0.0015415487916962
05362000,0.2088126710563295,0.0007793465449799,0.049244684866533,0.0619599878316083,7.698850962816228e-05,0.0208597237068829
05556500,0.0502259354801443,6.062212122052585e-05,0.0078330945354443,0.1822248775668691,0.0004751448505097,0.0268844920816349
06221400,0.0986140261163732,0.0002946830654976,0.0010616210866385,0.1562672135821859,0.0004373655048551,0.0326333709740072
05525500,0.0462875268330423,3.257691549103709e-05,0.0045577095042348,0.1833591081901943,0.0006304787262321,0.047877041800193
02479155,0.0164679801942247,6.970912403024893e-06,0.0028014212480605,0.0434752965883571,6.497504327785014e-05,0.0081020854647115
02472500,0.1748654340139711,0.0004795393346755,0.0323148393144492,0.0721758663022885,0.0001041039141381,0.0241693681877515
02464360,0.0798294452810225,0.0001207454753709,0.0116169225384611,0.2094527633718626,0.0009176180548165,0.0621561863845747
06450500,0.08020082709737,0.0001816003058406,0.0131855030252929,0.0860643938621526,0.0001945583842765,0.0409479421146965
08066200,0.2069004098633376,0.0008738048520132,0.0395063137625783,0.0029633979811676,3.389743857458782e-07,0.000413946173827
02450250,0.0235177129977075,2.211583578258001e-05,0.0051202494126739,0.0860229941167179,0.0001647487130733,0.0187185495293288
11253310,0.0448135900376497,5.967551815911713e-05,0.0150968760560948,0.0100064978223769,3.798112367141532e-06,0.0026878446256527
11224500,0.0582005091168385,9.245391014170396e-05,0.0161971946302865,0.0742330569930788,0.0001732139946682,0.0212381631131755
02465493,0.2781439268908171,0.001495056318237,0.0861069373213582,0.0096891041655711,2.9524029452557674e-06,0.001223466065387
06878000,0.0887455854468685,0.0002115413385747,0.0425257703561911,0.103434749893052,0.0002713608750893,0.042596933032431
08013000,0.4345051754543627,0.0027292229227754,0.1079836927886798,0.0723423585304514,5.7046852388878775e-05,0.0235255341223548
08070200,0.004490025305477,5.896738660841571e-07,0.0008482490632288,0.6127058874719035,0.0046796612661503,0.1306787567295675
04024430,0.1656218957882747,0.0006319984905102,0.0651354391331694,0.0423056059369344,4.859745569326286e-05,0.0098951543712366
02464146,0.0994259843276554,0.0002442621384896,0.0178905272641248,0.0984247521625839,0.0002435104356507,0.0211319724002974
09513780,0.1214864661383004,0.0002807269125503,0.0296758840987272,0.0069289535411352,1.580427520493649e-06,0.0015815763414227
08070000,0.6127058874719035,0.0046796612661503,0.1306787567295675,0.026020895571675,1.6818223806690876e-05,0.0029122734133205
03144000,0.0303351961814338,3.556591408368796e-05,0.0086637947138539,0.0809014652208894,7.697323149799978e-05,0.0053885629990102
02430085,0.0789854693601644,0.0001487024679375,0.0207637679835006,0.0721709531229068,0.0001531866150707,0.01836179500973
03140000,0.1038922282138289,0.0002922333915577,0.0200562745630572,0.0632591497451178,0.0001171459827698,0.0123809833061829
06853800,0.0225924828988551,9.856950347157176e-06,0.0034288029658914,0.1543019571498304,0.0004187255636974,0.050336386829476
04256000,0.0217177772159928,1.4377162150814234e-05,0.0049558675810971,0.0393973524901886,3.81346661671874e-05,0.0087180503188239
04224775,0.0032767327315165,3.945256550610167e-07,0.0004160891648756,0.149544161485106,0.0006695458539495,0.0237653153269892
04221000,0.1773658493341815,0.0005895408069832,0.0152903951526957,0.1080534741753986,0.0004017909951976,0.0231236372805969
02481510,0.0646015303537833,0.0001073704663871,0.0104833663612263,0.0090472430611586,3.213490838549452e-06,0.0016997169569954
02231000,0.1669311452278734,0.0006225269599387,0.0330203501125195,0.0222312533855816,1.5538900072798018e-05,0.0067867433161211
09505800,0.1502813624312663,0.0005758592946538,0.036926091029206,0.0175173396591972,6.628732181995679e-06,0.0016400377477505
04216418,0.1031049133923204,0.0003013300071167,0.0299575267479606,0.1833554997462339,0.0006992863747392,0.0462594157490729
04197100,0.080055090218341,0.0001520383694935,0.0225671826756171,0.7640756062913423,0.0055798564736392,0.0630050494483838
07295000,0.0512729308154424,6.330372809825107e-05,0.0150957770580473,0.1821069550184153,0.0005569849557346,0.0237838049514476
04196800,0.0180981296275938,1.125711620696054e-05,0.0047053588447255,0.1068690495357904,0.0002989323636518,0.0332022016743838
04185000,0.0454143808781813,5.958982833575381e-05,0.0048514522773231,0.153896254866592,0.0004525320320144,0.0356485560899638
07291000,0.0739351067231939,9.005707397141972e-05,0.0059706328023025,0.1225943262605164,0.0002883693570443,0.0104726472898338
09484000,0.0429998616399575,3.25737929689431e-05,0.0113027610580106,0.0034407775964286,6.036292759600154e-07,0.0009281465832161
09484600,0.0392633773659149,2.3887371583574552e-05,0.0021145044238048,0.1354103463882333,0.0003726171167677,0.0055896394696522
03237500,0.0470257020357096,6.243485897911184e-05,0.0090783348612653,0.0802009272132279,0.0001817295682462,0.0202969067309769
07290650,0.0103917813454808,5.497849794010492e-06,0.0015030706356119,0.0689762593060405,0.0001549991639614,0.0234156800519496
09480000,0.1218355029782721,0.0003886342941172,0.0060620202951266,0.0180381650139225,8.107484640191787e-06,0.0029375531868335
03471500,0.0182146056026652,6.358089660800075e-06,0.0022456617801215,0.0803018355943133,0.0001573878955248,0.0170082537038577
06632400,0.0310075222927033,2.3323592139168905e-05,0.0031661940129016,0.1516661565766343,0.0007748085060884,0.0324470226653343
06622700,0.0286039484076301,2.711971757284364e-05,0.0048291110662111,0.1949272373608152,0.0006173764088812,0.0630996335989554
06623800,0.0319391975070801,3.951128458374882e-05,0.0079337448723973,0.0037679706982002,5.782650623891607e-07,0.00059276644825
07376000,0.0083364311186087,2.7906768355933078e-06,0.0014444708612732,0.0270073459600983,2.724321506750221e-05,0.0122034533482066
06440200,0.0191200342434672,1.2919935532468205e-05,0.0050807130557996,0.1039792229795087,0.0002691615694093,0.0329932171668767
02481000,0.0192097202513951,1.4976471030391192e-05,0.0033310838122765,0.0409379443463091,5.452159666329145e-05,0.0098640711742925
07292500,0.0642682967715835,8.135862910084155e-05,0.0067977148670111,0.1168273576472773,0.0002275313908151,0.0303498818168525
09510200,0.053090747800441,8.30461789157417e-05,0.0149434058609214,0.0946041112892784,0.0002499916758286,0.026979806234806
06350000,0.1869649404419658,0.0008668233969454,0.0832165876007531,0.057382374913235,0.0001134492762624,0.010895442231583
08175000,0.1808645626486835,0.0003834301209896,0.0183707444409996,0.115277115660258,0.0004119550897294,0.0278739433618951
06344600,0.0853588539835778,0.000173446512821,0.0159400381890572,0.1649955845647442,0.0007261014624072,0.0454601082745775
03285000,0.0763785759037401,0.0001410534978163,0.0130777144335555,0.3157370549867113,0.002420410784337,0.0940881400625515
06814000,0.0946023438032074,0.0002245645828623,0.0160262036488717,0.3042734105724359,0.0012433258888674,0.0412336973242013
06339500,0.0114271683456451,4.590963252475096e-06,0.0020061335443315,0.1674795035305761,0.0007281964717209,0.0440948921744236
06339100,0.1499173797352939,0.00057274165358,0.0563927164075127,0.1057762059386979,0.000332498891594,0.0266786091676681
08171300,0.0796745383889071,9.87523983034268e-05,0.0051929895923987,0.2465936415281313,0.0010676365524226,0.0446847043947786
07375000,0.0228884153321374,2.031678566617471e-05,0.0066280518223984,0.0146358256449868,5.504834520084674e-06,0.0011509946653387
03159540,0.1374101662123114,0.000480698019497,0.0553483993607865,0.0795200762938883,0.0001343904908661,0.0145581613352436
09505200,0.2241828576170358,0.0008317936569986,0.0664389184614028,0.1379345296594722,0.000537556856808,0.0413944661403011
08176900,0.0720442282922218,0.0001262556244676,0.0134507540782049,0.0451287655783748,4.9764408422719e-05,0.0079737467330592
08082700,0.0230755734306401,1.4992027342910926e-05,0.007258809018384,0.2431621528801352,0.0014108326923293,0.0914617233044553
01078000,0.0647914232416803,0.0001411912500035,0.0134934132885071,0.1339058166834817,0.0002199040273459,0.0353771554258843
01052500,0.0415816560140403,3.720202528448457e-05,0.0045106051167507,0.3005291463130966,0.0018298965612399,0.0614787949498675
02245500,0.0937713336554283,0.0001754197506549,0.0144234695725471,0.0926755913677493,0.0001929792846474,0.0227027463259231
03463300,0.1287865516344725,0.0003916467764182,0.0324568183941007,0.1089369816150903,0.0004173307753097,0.0269150376421416
06447500,0.0293628133872172,2.0225620820393405e-05,0.0048996376397449,0.2773421633854652,0.0011635330196854,0.0895365997837485
09494000,0.0263924981375417,2.372792902093066e-05,0.0059026769806554,0.0182753741057474,1.2871720780539096e-05,0.0041724372158964
02315500,0.2455181459837211,0.0010181952282072,0.0463421249642091,0.121695191306729,0.0003677734712024,0.0244149568421831
07373000,0.0756935680891145,0.0001198265626879,0.0092682916671004,0.2537160810384999,0.0017526457423754,0.0743358628981704
02297310,0.0080816400600907,2.5406646522361966e-06,0.0013995880378504,0.0474023155216714,5.722404705403906e-05,0.0066843296180679
02479560,0.1509369792479954,0.0004727188846703,0.0195538903182835,0.0595097830211423,0.0001026576481821,0.0119465646517604
09210500,0.0251389574217721,1.2928976272290876e-05,0.0014161653775973,0.1830648679089783,0.0007069901190336,0.0113602652987831
09386900,0.0036055964537559,5.3499359745725e-07,0.000463115698029,0.1350589916396179,0.0003879263831072,0.0277564174834663
02298123,0.1324619027503005,0.0003019364484028,0.0101370655035265,0.0778625814649312,0.0001475155422573,0.0068354383761772
03504000,0.0289385426656197,3.266491948698543e-05,0.0089353960492609,0.0982168829728573,0.0002635578939262,0.0266036655358094
02297155,0.2445025085267775,0.00089227589504,0.0221787348374101,0.0339716265779669,2.5322130853190204e-05,0.0037690867515785
02298608,0.1756891098345107,0.0005564534212918,0.0333243247415473,0.0231629820110502,1.363133049120541e-05,0.0039087856352184
03604000,0.0034810293393977,5.364387548057175e-07,0.0008764670227739,0.0435756991417625,4.496141469560578e-05,0.0059637580293456
02299950,0.0821602864806845,0.0001096114582069,0.0115344120045321,0.069081641962014,0.0001380005597893,0.0132734417185854
02314500,0.0534144559690031,5.0736366731519e-05,0.0047565463798891,0.2731079189667072,0.0011528227629799,0.0406729888563547
02300700,0.0855393062460171,0.0001848855914942,0.0139049701577543,0.2130982247058332,0.0011447420673153,0.0448502757833777
03574500,0.1357817607970649,0.0005101281837434,0.0220925714361621,0.1403485093973905,0.0003387376536176,0.0167253418676276
02312200,0.0341077977619875,4.13347857293664e-05,0.00668541278664,0.2998089750015305,0.0015755928266905,0.0488216102413577
02479300,0.0902152705080329,0.0002052185359515,0.0183050623997832,0.1827328791959468,0.0005869774481509,0.040736117186713
03366500,0.0184999630423709,1.344197078481766e-05,0.0039873772686886,0.2775927285088468,0.0017942840054068,0.0574870779106104
02310947,0.2368552812009952,0.0007769996826065,0.0344501702474306,0.0506615914593157,6.753571364374299e-05,0.0106936802094996
09352900,0.1746582266979313,0.0010477073437612,0.0362317182446138,0.2114218236619642,0.0011780771514016,0.0307535071234478
03473000,0.0825199260088891,0.0001283230019239,0.0116638062044127,0.1219236088241388,0.0003148436224286,0.0279595030794229
11284400,0.0235602114449373,2.0819865901020454e-05,0.0057381794377227,0.0509444074248097,7.292905990726375e-05,0.008426657061378
03500000,0.0824479323218339,0.0001754993918304,0.0228183316196751,0.0895713092293591,0.0002114954489578,0.0233977093994947
03500240,0.0824479323218339,0.0001754993918304,0.0228183316196751,0.0895713092293591,0.0002114954489578,0.0233977093994947
01031500,0.0856383306785151,0.0002151972660167,0.0171178706411558,0.1019491594216039,0.0003174912740192,0.0060390511867255
03479000,0.0349523872541363,4.376632063732567e-05,0.0068623048193522,0.0429008712217073,6.263848575746235e-05,0.0075123212571667
06784000,0.0430454716401634,6.225413579196604e-05,0.0043073811349795,0.0295632001768658,1.262427394221221e-05,0.0020917616508718
04027000,0.0401021270958785,3.491256556745181e-05,0.0046170003835381,0.0087001584822173,2.3184546293301078e-06,0.0022702490202262
03364500,0.1398303595424339,0.00044973569314,0.0411097343753632,0.4188387510305496,0.0035143503733332,0.1657390364889421
06803530,0.0383715114030215,3.227695519499423e-05,0.0035633893510417,0.0841662536923226,0.0001863553691972,0.0286453853351323
09505350,0.1252102988556201,0.000302238060734,0.0223723616154307,0.0615469398830159,9.615776035217058e-05,0.0164667855751229
01413500,0.1080850803820953,0.000380752587142,0.0213190284277456,0.0406027146251505,4.617571016419602e-05,0.0086056232724284
07208500,0.1235725117236252,0.0002554925021592,0.0433040969253543,0.2835742565849892,0.0020299548531479,0.0651601519148576
06409000,0.1675376234461112,0.0006490618378693,0.0243645527459413,0.1450161810919272,0.0006135219983338,0.0178276005037775
06803510,0.3659377260917607,0.0022915258018598,0.0603651847582122,0.0517194854027943,5.670043049638238e-05,0.0041368772193749
03488000,0.1095425719921773,0.0003338175687527,0.0299298178081167,0.1452552476227241,0.0006217176164286,0.0706179813208973
11124500,0.1316926080710919,0.0004951084422184,0.0304184482552314,0.0888661696750671,0.0001818835083407,0.0303110815792726
07180500,0.1176173372655924,0.0004103877940829,0.0411097813372986,0.1336918176374351,0.0005763966410282,0.0496670433876773
11162500,0.0338561589767971,3.7481206266172303e-05,0.0083197530385514,0.0495243661558436,6.226030053588167e-05,0.0107794818386452
07226500,0.1303303812221811,0.0003799954879999,0.0224691221178275,0.0822644635735455,9.839005805553785e-05,0.010821528335384
08324000,0.0171482350246152,6.091692891221841e-06,0.0010481880011891,0.1140147367988273,0.000354767141932,0.0198513677601062
02472000,0.0573933932676097,7.380045795801177e-05,0.0107501632822138,0.0874619942544012,0.0001370177902603,0.0175807924053705
03357350,0.1814242834997497,0.0006114128384166,0.0295031525092252,0.1937782009254112,0.0008430425529963,0.0307702346281302
08267500,0.1257112990218757,0.0003234290205611,0.0279326426891074,0.0939030439484897,0.0003329676097137,0.0204605216367643
08269000,0.0968533851480866,0.0002946305267333,0.0139583362808604,0.1344764470348634,0.000403970383945,0.025758480582963
02464000,0.0464160219063396,4.792140879243957e-05,0.0105515688093469,0.0091845540839887,2.9689327953640744e-06,0.0012359983526344
09512280,0.0240295534277993,2.078594009880002e-05,0.0057531672767361,0.0984688851888621,0.0002722112760736,0.0156089086562054
12041200,0.1497870077915925,0.0009069363633684,0.0187065942990453,0.0240794257560936,1.3509717250484284e-05,0.0029751689742359
14400000,0.0290158999557784,1.7833114456959796e-05,0.0033813492533177,0.0627856674853853,8.949188804833557e-05,0.0057753378197061
13313000,0.071790863266115,0.000126149302661,0.0170669131992262,0.0510338285703985,9.215383986522436e-05,0.0114333457092078
14158500,0.1127029353270038,0.0001821112423288,0.003113344415168,0.1736131744072235,0.0003557949922266,0.0256661119349
10396000,0.053828217534427,5.843598066573679e-05,0.0071120311337943,0.0836794893868795,0.0001333030279252,0.0266822755753074
09492400,0.0071420596502345,1.3147229235305771e-06,0.0012117419008136,0.1281914577576212,0.0003397700639768,0.027651877774357
08377900,0.1606039212931845,0.0007742639124952,0.0244880779017322,0.0938065265814475,0.0002805100165217,0.0136126835175635
12025700,0.0791490106967253,0.0002153225742814,0.0162093606329235,0.013100334778263,5.085738624576697e-06,0.0031881094176671
08378500,0.1374197316841797,0.000528514845183,0.0301527272862964,0.1532125507842307,0.0004897828904503,0.0495830679861358
12010000,0.0571201326374025,8.439192867094156e-05,0.007450665717486,0.1718637726081741,0.0006390131340341,0.0531585506478222
08380500,0.1783209106739771,0.0005771412648362,0.0329457503254463,0.0599597670104262,6.496858374450353e-05,0.00803670756701
12013500,0.1567929698750386,0.000719965552418,0.0504544476430194,0.1279403306862543,0.0002885750443838,0.0225657483959691
07184000,0.0716480973567495,0.0001228768949892,0.0345815822317262,0.0997575031171729,0.000222732063108,0.0211478632484586
13338500,0.0891282752608522,0.0001555836120528,0.0078005688401098,0.0789393427675542,0.0001717419012041,0.0235607082292318
14182500,0.3670779979492324,0.0020919475316419,0.0540580792450785,0.1740761288351479,0.000382330867833,0.0177389126183456
14236200,0.149772000583481,0.0004601758216911,0.0244987561586071,0.1172123222709564,0.0002976628502728,0.0179317764353875
07151500,0.122592764440733,0.0002791425677096,0.0283122032824798,0.0630666421454776,7.460246456680003e-05,0.0199424366655949
14301000,0.170166411542977,0.0010271770313634,0.0471598011685484,0.1327032326085872,0.0005040549013611,0.0242306197994893
07149000,0.1515348725727729,0.0005511877177715,0.0448595801209023,0.0608686777705219,0.0001054707178112,0.0167581607356216
07148400,0.5023564163189148,0.0052303682118306,0.122879454193038,0.0843358238394621,0.000210954406557,0.0065271885923132
07145700,0.036305151444783,4.798159239437651e-05,0.0103991098951968,0.0111144213504514,4.297540299483067e-06,0.0016839282737837
12095000,0.0291641010825526,2.6551167083436486e-05,0.0062143150249762,0.1103516656729472,0.0002629069532936,0.031437095021523
14166500,0.1570043992680544,0.0003361791330101,0.0348951200763105,0.0946733360913213,0.0002720156300693,0.0157685680105549
12189500,0.0383992331684503,4.309891129782639e-05,0.0052444178485958,0.0660605870108327,0.0001283492418904,0.0085161845190146
12186000,0.0046174208785199,8.705960342183234e-07,0.0008315118760389,0.0329727042706454,1.3165287729341226e-05,0.0024997528134756
07142300,0.4786021217489739,0.002551172571295,0.15302371929414,0.0250052896059458,1.6852807765766324e-05,0.007706565525397
09447800,0.0777092092033672,0.0001714847208536,0.0183301136489697,,,0.0005189990033521
13340600,0.0136174553820308,3.0778633860715757e-06,0.0007510312909804,0.0856124133455294,0.0001886628969818,0.0101953442840349
14185000,0.1965355352974997,0.0006488338500831,0.0179759367844631,,,0.0002315210573122
12175500,0.0765568986212416,6.626256526973205e-05,0.0030071622846857,0.1832301725317818,0.0004136956904615,0.0161145675161816
02427250,0.0030882783854837,3.435759035786545e-07,3.1499982595125204e-05,0.0816288489331928,0.0002028389477712,0.0202612946476905
12145500,0.0013417297643422,1.075777155819193e-07,0.0003224934107687,0.1241797755911259,0.0002692084822422,0.0325889779683801
06332515,0.0098698046043043,2.376638394086999e-06,0.001054263483748,0.0668892052122802,0.0001177350211066,0.0182713030563501
07167500,0.1235528891224769,0.0004086036403804,0.0409050627847852,0.0733549301769875,0.0001235011406858,0.0139876849804576
14306500,0.045676812741471,6.872626962395935e-05,0.0123594047341477,0.1150559046462668,0.0004299390852821,0.0270381935340637
11264500,0.0435647634861905,2.5577741867331973e-05,0.0034917327951316,0.0481913202407965,4.260839559866457e-05,0.003175079453177
14305500,0.1507750777422812,0.0006306395248127,0.0466435354548223,0.0178852193705923,1.0939385885639982e-05,0.0034099888001808
11266500,0.0794975257387377,0.0001449394367985,0.0095055018110739,0.125772966150037,0.0002745886761739,0.0159569873871882
14309500,0.159374835269595,0.0009360735530133,0.0408501682182499,0.0522236479877682,7.532586587436643e-05,0.0111058722630195
02469800,0.0133669043790567,5.910425220361307e-06,0.0033248973955023,0.0913417927659161,0.0002666497084914,0.018854723388431
14308990,0.1476376694244955,0.0005315174292829,0.0493849830465261,0.087262349708728,0.0001980309326736,0.0139969762546247
02422500,0.1660740700330252,0.0007090320121081,0.0238943005055521,0.0604107482661613,8.144040522208571e-05,0.0165252880675526
13161500,0.0705140947808573,0.0001248038699988,0.007141260384674,0.0478522345368385,7.611941607629684e-05,0.0076376879582493
13337000,0.0759170843025724,0.0001213602946488,0.0080698124665209,,,0.000225410736237
12048000,0.0425917554432795,7.194377380642311e-05,0.0047259992371314,0.0538432576785342,9.209277226363395e-05,0.0140209608897329
13235000,0.0801291915372777,0.0001995476142722,0.0150250931730084,0.2395522698731744,0.0009973275333576,0.094130735884437
06352000,0.1164685128974123,0.0002555493800012,0.0436764301878757,0.1018995760815423,0.0002510269046957,0.0293392040387762
06353000,0.0074284503427038,1.8845982264952168e-06,0.0009605117784368,0.1310216281449968,0.0004833397444461,0.040867382639139
12147500,0.1463343863608149,0.0003406094831378,0.02624256031796,0.1393484388503092,0.0004441899071137,0.0509324647784336
02361000,0.0495048920319647,4.418488102000833e-05,0.0083020215802893,0.0029760560202126,2.5589020116023284e-07,0.0004199590233323
07362587,0.1459871589070897,0.0004269673762058,0.0189095268867828,0.1095271417161512,0.0002346406356296,0.030144603934128
14141500,0.0804364587140315,7.852928932254561e-05,0.0024889625628349,,,0.0004960493927
12020000,0.0308040056942331,2.8443725487780767e-05,0.0065891530151684,0.1280469957807626,0.0004597868465863,0.0351972964474855
07362100,0.003559633769579,6.976565752999499e-07,0.0008930259794871,0.1129666555466139,0.0002131096122371,0.0148391085738582
12092000,0.0435568414425504,7.544950647810302e-05,0.0102763980989897,0.1104491394405423,0.0002335404742227,0.0109950038547537
07359610,0.0331418077456758,3.184478004279774e-05,0.0078003161377602,0.1184693709594565,0.0001821223167412,0.0137212763134156
02415000,0.1080834594261258,0.0001760465120651,0.0141275665586567,0.1136312689559143,0.0002635856382603,0.0262891924760325
06885500,0.2365885631749577,0.001040938443608,0.0525088204929672,0.065872547681262,9.477679568552555e-05,0.0180612474262552
12414500,0.059189738459177,7.76781385497363e-05,0.0102000089663361,0.1401697182289649,0.0006313404302466,0.0272291475157441
14187000,0.2093544131913084,0.001049774854485,0.0528981154427041,0.0569021205704524,5.292422652752823e-05,0.0054973617779956
12144000,0.1241341329675518,0.0003418326448068,0.0269625140432736,0.1211642880342091,0.0004037408396239,0.0191530593365125
14216500,0.0032024242164127,4.186342817712367e-07,0.0003242113508145,0.1296613837294369,0.0005563908315155,0.0487901625760399
14154500,0.0893093942437556,0.0001296205870951,0.0070383531999945,0.1018301687651582,0.0003209886481176,0.0247052780289482
14362250,0.0118373737913077,5.293717702636892e-06,0.002664913069683,0.1287162022138958,0.0005130068474474,0.0278752030076446
02363000,0.0101182432391984,4.276044229508811e-06,0.0019451711502097,0.07841561282757,0.0001790972115752,0.0243741943048548
03498500,0.0191685188243774,1.1305835926906845e-05,0.0043632417998058,0.0318751361362215,3.0325179376165165e-05,0.0093594467641701
03456500,0.099704793415558,0.0002289263059141,0.0134963882097425,0.0454095229463866,5.603522013132329e-05,0.0088638604131774
12358500,0.0313363000093328,2.2774119100611256e-05,0.0045811219158692,0.0239453321026814,1.9176829528145675e-05,0.0071037476020488
14325000,0.1477490996210201,0.0007147732608402,0.0372471206977073,0.0688535349391526,0.0001277542379233,0.0175270224707478
12451000,0.0708208137301479,8.447752943395155e-05,0.0032792095272972,0.1254924107752197,0.0004840916159478,0.0204095894362682
14096850,0.1739220006147963,0.0008345786999773,0.0378145802326892,0.0895721659978022,0.0002353242891985,0.0233435035584342
14092750,0.2618940253169725,0.0007671022524863,0.0883678566434357,0.0480262964387856,0.000101381003363,0.0106768152971708
12035000,0.0736156676508624,0.0001842177698002,0.0359656738638832,0.1471985412929652,0.000337459560768,0.0172540172803706
12167000,0.0196264355706261,1.3296822555996656e-05,0.0030850094892989,0.0056260129118746,1.1992844104632884e-06,0.0011474184629109
03460000,0.0934658673171487,0.0002738949937555,0.0216119207720729,0.0812657850523332,0.0001805471160906,0.011747689550871
03439000,0.0307279467153291,2.047315109774469e-05,0.0049621844883361,0.1452349823527985,0.0005296915171872,0.0479678368760788
03455500,0.0045609615573416,6.250636118771085e-07,0.0007563453408151,0.0743901172614429,0.0001423235932051,0.0083565552138837
11532500,0.1436034394228199,0.0003801458528916,0.0262376260526759,0.0927960933780571,0.0002636051786113,0.0267650213689859
02372250,0.1143578956415147,0.0003058321203129,0.0265000537511321,0.1036020679908588,0.0002387796494736,0.0291497501518711
13331500,0.0991279670506272,0.0003568116489667,0.0308988161867793,0.0452970472591447,5.332434200923202e-05,0.0080990812392695
14139800,0.1256227673371124,0.0002636648324087,0.0082384439650091,0.0577001291803813,0.0001277381264836,0.0106388050097188
12374250,0.0401394509675685,5.892219481253899e-05,0.0093948330044052,0.1290647094478059,0.0002723663323798,0.0278205485237245
02408540,0.0171047195259382,1.0930893678595828e-05,0.0043841633942952,0.0410894798371651,6.004059027295497e-05,0.0058685287350282
14185900,0.1270943634235727,0.0004203955126039,0.0140767750021114,0.1154051284975746,0.0004124304948305,0.0211732135381425
12043000,0.1075934221891249,0.0001557607112994,0.0041110634880241,0.0905281024390881,0.0002402174630774,0.0286229143682492
12082500,0.0948891927859467,0.0002467295542598,0.0055903661328923,0.3411323139695184,0.0023464961837112,0.0958462558179071
09497800,0.0230488727861005,1.902266302629308e-05,0.0054012784117475,0.0985333986913453,0.0002613276854456,0.0220839794282563
05487980,0.0233584028332405,2.0981120982320876e-05,0.0048315698775752,0.0698924568378199,0.000137044799988,0.0085874778423832
09497980,0.0633002818831868,0.0001105232025754,0.0110657046330289,0.0924626319942035,0.0002435238225245,0.0227010763124408
01333000,0.1015901535268584,0.0002484651309164,0.0101661414830555,0.2190176347797727,0.0013039647867768,0.0492850280190443
10259000,0.0518155336997828,5.553183446164257e-05,0.0055868756899614,0.1084427439811988,0.0003689473279552,0.0271614790305511
13011500,0.0766900416610099,0.0001316544711255,0.0086675546370722,0.1298815560883253,0.000311192083228,0.0312570157984064
13011900,0.1273613268208324,0.0004259265244674,0.0342622417573485,0.0873940213672447,0.0001414066387896,0.0274694112838752
12143600,0.0289863001308987,3.199110073151671e-05,0.0040342231944883,0.0282101115716375,2.1571877691901143e-05,0.0018941827233828
14316700,0.1106863984976207,0.0003719484515879,0.0298501030537769,0.0921281343350184,0.0002293238267864,0.0160890360463048
14222500,0.0865750037147651,0.0001461108226559,0.014058794387375,0.0221790336210429,1.2401456650263244e-05,0.0021951325427074
10258500,0.0899890852603055,0.0001782286214041,0.0087116444093435,0.1041377296547435,0.0002244611728247,0.0143660646785254
11098000,0.0415798984206575,4.947922937910006e-05,0.0082207797104409,0.0087977933391544,2.9067694078650683e-06,0.0021286843526765
11478500,0.1643073647803053,0.0007550109724706,0.0517253040838356,0.0806214061545437,0.0001722507732815,0.0249420138893505
10258000,0.0192624697853494,1.5423836179407373e-05,0.0049474326844941,0.2034204630040679,0.0007824610566991,0.0696458402373435
10259200,0.0259610796617437,1.7844245765658903e-05,0.0048317198702107,0.1575415985333265,0.0004855644355076,0.0282882029642717
12141300,0.1346712665783441,0.0002285532202195,0.0088161506188392,0.1088916659192184,0.0001734810158974,0.0022372970298812
07263295,0.0880566367713363,0.0001237885952366,0.0162856370112943,0.0749915603728794,0.0001208821436282,0.010947267802421
10263500,0.0719622914496114,0.00011721146299,0.0072415690650528,0.1045505603047977,0.0002411089478791,0.0093879269812974
14137000,0.2135897650250897,0.0010334421287859,0.0724532470303526,0.2103899968784082,0.0008745550222103,0.0573408846787982
12040500,0.1017585593248428,0.0002595762430924,0.0274761528678734,0.0302176134446704,1.5162525417922784e-05,0.0043224617119646
12056500,0.1064602250473942,0.0002450094653407,0.0222123485876394,0.0684108220748044,0.0001232297355516,0.0129902134848774
14020000,0.1484809472779349,0.0006405120723267,0.03314534944593,0.1407892317677701,0.0005600773955235,0.0345409259172997
12025000,0.0581206420953157,9.604050881136555e-05,0.0127015410857661,0.0448122062998259,3.5939134073959084e-05,0.0054421581696517
12054000,0.2160980052348459,0.0012299552182567,0.0275563681308945,0.090341834089422,0.0001882329433353,0.0151935507077352
13083000,0.0286650630562673,3.1676443051246894e-05,0.0063095346843076,0.1316545596939925,0.0006104307747204,0.0393631030295864
13310700,0.1106766097586126,0.0002577502555885,0.0226755821416862,0.0965236126832015,0.0002395318012356,0.01925030970792
02371500,0.1051391033289267,0.0002374203538451,0.0251632082958994,0.0253779066519,1.8899525522294945e-05,0.0036662175512934
12381400,0.0537876386503988,8.363706395760306e-05,0.0052228366779014,0.1611214027685127,0.0007125736230963,0.0338429422914977
07197000,0.0703924462322701,0.0001034250112584,0.012506448885047,0.0610242515327586,7.720705011165968e-05,0.0198033024560154
07196900,0.0726587411703724,0.0001020441900119,0.0082430515635774,0.0095156722021413,2.96373966766491e-06,0.00102287567057
05503800,0.1013520194700122,0.0002226728972513,0.0243321672849657,0.1327066312886868,0.0003916856413417,0.0305155220659173
01435000,0.0539523557592416,5.9061205546738656e-05,0.006259433713367,0.0185005971546458,1.133444045291399e-05,0.0030957405088759
02177000,0.1331567671037847,0.0004817429522353,0.0350844529335173,,,0.0001596502235175
03213700,0.0649617210096799,0.0001089304982263,0.0167530174558984,0.1686988956409375,0.0007387311519085,0.0287466223468345
01139000,0.0024028125305928,3.037354521797175e-07,0.0006949573326386,0.1733766886863414,0.0008391116733839,0.0386642990796671
05488200,0.1282390590557299,0.0004210490394551,0.0442965922260112,0.1078064806494964,0.0003606775860719,0.0389808321293453
09430600,0.2891104544194468,0.00241119424054,0.0948046925939034,0.1343526336073996,0.0005691378863302,0.0353444148543319
12377150,0.0344138406620801,3.404993127889657e-05,0.0045069012487493,0.0424664466594206,2.528078428625289e-05,0.0033230064953568
01440400,0.0942437475226703,0.000241378530177,0.0206925434537713,0.125921049572358,0.0003418253026097,0.0043373177074047
01532000,0.1402116768643917,0.000591657339371,0.0329855538151532,0.0962841295713334,0.0003302893957224,0.0174842390235647
01638480,0.0904449098815647,0.0003030460971624,0.0591679110861646,0.1480224390609203,0.0004257386519947,0.0270236700980464
03281100,0.1003117654533644,0.0002451581270445,0.0211929660598136,0.0937302790213083,0.0002262193794688,0.020783685845232
09430500,0.1267357598585252,0.0004976829370993,0.0289423148562499,0.0799702581009191,7.440618183554847e-05,0.0039608149207915
06191500,0.1397365987500102,0.0004561671004875,0.0173489237915918,0.0968666698500489,0.0001869152570237,0.0044514030236414
01580000,0.1997640415700138,0.001074384734814,0.0659990119289122,0.1341686324720095,0.0005039920179655,0.0286619857213165
02193340,0.0431197102004855,6.274365123695471e-05,0.0091354862477128,0.0273503474078056,1.5049728724274555e-05,0.0036634244618832
12375900,0.1032354337301626,0.0001881915852792,0.0321507646852539,0.0921877420775663,0.0002751996455362,0.0073553070677517
12411000,0.1230856133357115,0.0004176651053366,0.0296801562472504,0.1586761643348006,0.0007049999245847,0.0245202109837861
12447390,0.2130700301419386,0.0013174982986562,0.0560665919580434,0.1127326870681261,0.0002299073140928,0.0091384657345062
08104900,0.1434739790136603,0.0004396649349764,0.0304021934192292,0.0399645087881617,2.6842405552404445e-05,0.0051845101143831
03281500,0.2603652192736342,0.0011061408941121,0.0513192364857228,0.0850261532712366,0.0002214663288169,0.0145845283030328
12488500,0.2229277068487527,0.0012443472319856,0.0698162337746299,0.1034358437276853,0.0002901744065692,0.0202456925486039
01054200,0.0033391415547927,4.066380154162266e-07,0.0004122566799829,0.0224272018265037,8.734943246231962e-06,0.0021732183691613
13023000,0.1537285823247508,0.0006179175968201,0.0277097125058315,0.0495058086192699,6.812169383119579e-05,0.0084107441715932
08155200,0.2854466364763083,0.0018597158045115,0.1320688636067257,0.178691167042081,0.0007388547209262,0.0284827292748588
12117000,0.4038774915498209,0.0022961688123766,0.1086668809127091,0.0307403655451563,3.11080015144403e-05,0.0064719582081574
04063700,0.2232100859573226,0.0011442436557826,0.0549879420306798,0.0344049188912157,1.7688397414885513e-05,0.0008042966264221
12115000,0.0109211888967546,1.9292985106559946e-06,0.0002174488445776,0.0145823337584328,6.000887796178313e-06,0.0031782310630539
12114500,0.1976630124297481,0.0010915178323794,0.0459578651144351,0.063373424785512,0.0001106724424223,0.0178861052358956
05514500,0.0751404704947895,0.0001236527398337,0.0181054552893835,0.0379082601858793,3.1170216753242445e-05,0.0109644644207226
01451800,0.3856128748855683,0.0024372469188473,0.1285192230514057,0.1757035220090654,0.0005741003936804,0.0102875685404055
03186500,0.0902239720548336,0.0002140861437222,0.0297011465110824,0.1363418239971744,0.0005474887691653,0.0211515646789539
05507600,0.0908186821844464,0.0002620729735807,0.0283852849311276,0.0315407269018785,3.558554874397919e-05,0.0042537332368998
08101000,0.165057233840459,0.0005005379750308,0.0328914997425574,0.1515407276431093,0.0004860458851357,0.0244609943017987
01030500,0.033023892089419,4.890009359900579e-05,0.0077940556429252,0.0133334704219375,5.69958920050534e-06,0.0009080298312685
01539000,0.1329057124525429,0.0004163248096443,0.0233116098782325,0.113913857688503,0.0003147693506772,0.0240906922535262
01423000,0.0257947611221988,2.646826256073591e-05,0.0054433142917758,0.0739548665967801,0.0001901361297087,0.0181230477239637
08158700,0.1900725015379319,0.0011959520333646,0.0631184294102312,0.0658453630872512,0.0001346084997824,0.0084086011292895
11468500,0.0255374785377378,8.850124843310365e-06,0.0022581008148028,0.0132572511039173,6.310434389589579e-06,0.0020626632880089
01022500,0.1449379563004909,0.0003995750443499,0.0115774136489562,0.0305099304230327,1.9182211391072148e-05,0.0019921385904703
01658500,0.0680602445869667,0.0001144419050189,0.0046731003949879,0.1197038180500176,0.0002578065373952,0.0150824826084058
01137500,0.3799785807386389,0.0026980367217053,0.0883619377654029,0.1537071530553667,0.000644633810785,0.0279133141859181
05495000,0.2141542648957113,0.0007091505743548,0.0475465111780789,0.044968689370924,6.199784182982472e-05,0.0080163689573667
06431500,0.1233729082918663,0.0002772559944093,0.0102369784838496,0.2243358064744331,0.0009376547935784,0.0761547791995989
04057510,0.1735731004282625,0.0006590863421249,0.0953998640790919,0.0314166314954246,3.021258407486553e-05,0.0079521474484889
11180500,0.0018999635047453,1.836221458803649e-07,0.0002945837741414,0.084165137878904,0.0002385682998737,0.0210377819903081
01073000,0.1172159894712172,0.0001849163587314,0.012261313942273,0.0479935858346992,7.119975724628652e-05,0.0080323535167254
11176400,0.0638176990322493,5.534357949984864e-05,0.0062571056895716,0.0844694405939781,0.000110919902111,0.0108775132210917
01644000,0.0196298908419079,1.2917845515304155e-05,0.0028529062576943,0.027201853258266,2.6494794810834543e-05,0.0033732427065202
07014500,0.1072152364663572,0.0002462219597224,0.0298772046450043,0.0623275194342238,0.0001088612090944,0.0152751262485009
11274500,0.1428089709480905,0.00030497339799,0.0381999178635722,0.0693279668749783,0.0001101194212076,0.0070955244224819
03280700,0.0977380626609277,0.0002259914862215,0.0140558028196756,0.1417708191840279,0.0005902035234841,0.0434960339453477
08103900,0.0230219569707162,1.936181415359379e-05,0.0051301656189009,0.1230174472136475,0.0003672578873034,0.0348579581254018
06188000,0.032916878521776,3.0470777178040237e-05,0.0011357323302087,0.202912586179368,0.0007610354129712,0.0628018887003778
11274630,0.0199847342396899,1.2472173908640467e-05,0.0040629533894804,0.0491351013440284,5.959455913259883e-05,0.0163553071611518
05501000,0.1895340570984306,0.0008315940591592,0.0156221695516136,0.083844714011263,0.0001376407751336,0.0079159372629884
01365000,0.0404047933812152,2.322768839641671e-05,0.0029197905505428,0.1112339676721515,0.0004755902662442,0.0330741895180506
06037500,0.0688382235273332,9.150625006905188e-05,0.0052934806362262,0.0023892586042586,3.063141783964313e-07,0.0001177053998358
01567500,0.104082966846603,0.0002260494404729,0.0198774172647967,0.0795755057072809,0.0001563275277581,0.0172957011555763
06903400,0.1046550022145236,0.0003639784206201,0.0332570267019884,0.095894649954495,0.0002404438574327,0.0215716320975479
07315700,0.0559193992457047,5.348414391634204e-05,0.0147162129342779,0.0263326161038358,9.226569223966573e-06,0.0018131119778118
03187500,0.0555983850754374,0.0001039892297295,0.0109023258330844,0.0512860016893575,7.648091137945326e-05,0.0119186125894682
08150800,0.0302661863660567,3.125488773662819e-05,0.0079944942066227,0.1434925660764711,0.0004803785814229,0.0415283537801456
09223000,0.0418429381476863,3.654119284070274e-05,0.0105653709452191,0.0638102018505076,0.0001637022555021,0.00696870795142
09306242,0.006390230892471,1.043117084106204e-06,0.0008158921392024,0.0457802605978755,5.220972375663232e-05,0.0076704145944985
01350000,0.0452373044714884,8.051333648833556e-05,0.0080636773596547,0.292091553011967,0.0029264475347204,0.0660921673104047
11299600,0.0342134684275956,4.050315110594995e-05,0.0054963362989593,0.0621830607492666,0.0001096463959319,0.0132179198169865
01142500,0.0315716405634244,1.6542266620697666e-05,0.0045853321273477,0.0755351605619403,9.125779330017712e-05,0.0096058663062821
01134500,0.3542759063190357,0.0025284576245121,0.0819640101768209,0.1176405267902195,0.0004058408987306,0.0154592319075739
01181000,0.0485935245494615,4.083082001969621e-05,0.0075755692436989,0.093982424754057,0.0002129123202411,0.0206583565880261
10205030,0.0820219424130975,0.0002257242627771,0.0236165793788487,0.2170488205863126,0.0011981831441185,0.0504467538434928
06876700,0.203789526168578,0.0007221176874338,0.0439511837531329,0.0605803541876272,9.619726226554189e-05,0.0170109284199418
07335700,0.0155507107992584,9.644522038536271e-06,0.003667654297209,0.1070618781608648,0.0002401044326605,0.036589523992199
01121000,0.0677307271950418,7.631388464188867e-05,0.0067364280215834,0.0306682602879218,2.5379527300922624e-05,0.0022063728884296
08165300,0.0292552576714154,2.366046216736417e-05,0.0042391457046253,0.0029500788263971,3.367859070500619e-07,0.0005899059246927
06888500,0.0748125263558568,0.0001332873135708,0.0293208478103347,0.1022211736521187,0.0002276630994215,0.0272229702505601
01613050,0.1144507073706148,0.0001925844086509,0.0159614287872291,0.1493175154636283,0.0005261955520009,0.0221947822863966
06889200,0.0360632969980501,2.805974167061244e-05,0.0081852902435067,0.118673241372486,0.0002515501349985,0.0185867022666779
05508805,0.014878337943111,8.390623581788956e-06,0.0026294017570585,0.0249919756736591,1.9979231731842204e-05,0.0052256962389129
08086212,0.060066208875089,0.0001021017247882,0.0194242223460601,0.1642531685031141,0.0005412303804584,0.0617769409513072
06889500,0.0743832052729142,0.0001742302527013,0.018723569134522,0.0169698377622808,1.0685585951960475e-05,0.0046398945734618
06892000,0.1215055826872622,0.0003943966358175,0.0269932077398197,0.1205117692808091,0.0004213998349785,0.0303203718155827
07071500,0.0098443210382027,3.0831611151649902e-06,0.0019484322320063,0.0303285872116197,2.4582515675380933e-05,0.0077161529409141
03070500,0.1167262524184405,0.0003532315964408,0.0162844174382681,0.1648976090074505,0.0005031443499685,0.0389029825913194
05062500,0.2280413392141625,0.0007681038961784,0.0687170885658068,0.0845880564225294,0.0002213527906249,0.0259700129429914
07340300,0.2000241600572979,0.0006960833531064,0.0251804177964558,0.0373271986093096,4.387103080691836e-05,0.009278107626547
03066000,0.069197552655118,0.0001101402423817,0.0115673045990282,0.0495004267723675,4.202217832837137e-05,0.0003264290551861
04296000,0.3653272344324961,0.0020303933450547,0.113561509247036,0.0654787079921549,0.0001029755396267,0.0051261083287352
08086290,0.0162212610611921,1.1072522946388384e-05,0.0029431277030473,0.0227795753016379,1.1326524604858882e-05,0.0037921786579643
03069500,0.0542822734646513,7.951352950024939e-05,0.009135654951029,0.0734568940539924,0.0001567372672555,0.021421007162027
01144000,0.0079202066482238,1.9093650934468927e-06,0.0011591234119061,0.0033161495699547,4.021863734014812e-07,0.0004458269561308
02178400,0.0540625175716477,8.067443637308752e-05,0.0052989047126261,0.0761713489476851,0.0001683544337724,0.0088928014378727
06043500,0.0140740029819656,3.004582167041682e-06,0.0002244547170257,0.0090510501746361,2.38273595584324e-06,0.00273641176714
01187300,0.0262010105649571,1.3111531087235686e-05,0.0004410727639017,0.1696766888049712,0.0006304793040503,0.03523444901614
03078000,0.0385951667408821,4.952883795462419e-05,0.0083764584689002,0.05104590243424,8.049261247594713e-05,0.0097545312429354
03076600,0.0256763605491324,2.4373554651878403e-05,0.00470818793704,0.060273682218014,6.082310754137509e-05,0.0090760824264945
01557500,0.0523452816050118,7.563149132806133e-05,0.009756575015002,0.2304919972317269,0.0008277628423347,0.0583219648717468
08158810,0.3841780347559753,0.002066579577535,0.1254576847809528,0.1549903395358257,0.0007507249370413,0.0299392378162619
09312600,0.0654071044541864,0.0001521378619558,0.0173229492299036,0.0113664194418558,1.8009758605858604e-06,0.0008739379856618
03241500,0.0222020008259386,1.4562647283406554e-05,0.0042579746210934,0.0143712044245385,7.847003131579604e-06,0.0034959539076566
08189500,0.3045720152254696,0.0012455074486843,0.0378419555067556,0.2926310410710501,0.0015086878018342,0.0785643628854531
08109700,0.0448022661270282,3.858504625464128e-05,0.0037193686985117,0.1002293843711125,0.0001899603844561,0.0223149130437387
07195800,0.073107199061233,0.0001294039990455,0.0064855638724152,0.1886367973073723,0.0006783312256598,0.0605149114420672
01568000,0.0950977377087232,0.0002416131357576,0.0144980391337371,0.1242594340673389,0.0004676177971379,0.0304683163320476
05495500,0.0662152070153043,0.0001209819648479,0.0168323185045608,0.0812696700872925,0.0001805206741572,0.0237599485076009
05291000,0.0505192200427743,5.521391250994019e-05,0.0147599843664015,0.4148769698864591,0.0023742968325202,0.1603246229526647
01439500,0.0205604153852595,1.2827114826600023e-05,0.0035676207947958,0.0726679026456495,0.0001464810630933,0.0114052232749255
01123000,0.1141003550733306,0.0002407720254137,0.00695957710151,,,0.0001200830618049
03050000,0.1260908817285844,0.000326602526069,0.0118704746389021,0.0800752465785819,0.0001367697880061,0.0249226521764687
05489000,0.1049164780863814,0.0003384779669182,0.0338379869694229,0.1071644294745152,0.0003471037752372,0.0202461983386416
01485500,0.0170636166208256,1.2222346488165397e-05,0.0043430123334097,0.1854316335393822,0.0004621569062096,0.0395272142289706
02069700,0.0454343548740576,5.871229576041598e-05,0.0096633465861656,0.1341664553746056,0.0004755416405716,0.0387463687331337
02212600,0.1489311174242514,0.0005063385421218,0.0358627997791329,0.0096920011006089,3.39162601677449e-06,0.0017086785415189
02215100,0.0296090076603918,3.521738578073611e-05,0.00700285023403,0.0839449237325171,0.0002149287521173,0.0145066766782369
02216180,0.0816107673177697,0.0001304655970191,0.0110008193898485,0.0289763034079789,1.778033849219894e-05,0.0035265217221545
02349900,0.114070704040916,0.0002801158265698,0.0145478051652199,0.0601425311491477,0.0001134699386586,0.0196846770827336
02013000,0.0687434488166221,0.0001376495297747,0.0193281683569797,0.1741113202144611,0.000436595702619,0.0449118326030565
02070000,0.1389646056497311,0.000425150987998,0.0338163139893228,0.03680177208965,4.73114518418365e-05,0.0099788342151297
02350900,0.057295070758327,9.560829221847636e-05,0.0186925176900757,0.0882799921854722,0.0001078071112225,0.0150117910788816
02381600,0.0896475245302612,0.0001945098509041,0.0263752543796349,0.0840685441370703,0.0002211560238727,0.0182037201914477
02395120,0.1218726311826601,0.0003620516935255,0.0241872602838434,0.1115352420285814,0.0003130497313451,0.0314682199910238
01055000,0.2372482378281405,0.001660845251529,0.0368971004301103,0.3480709878789173,0.0027204400025408,0.0773535282380567
02096846,0.0782438884971629,0.0001877903832648,0.0152391571127526,0.0854363686761935,0.0002051816621882,0.0106628866095182
11480390,0.1694907035242625,0.0005448285181762,0.0180996963983058,0.1133481335744841,0.0003189968528644,0.0406813297736006
06847900,0.0547321822822926,7.663229266367514e-05,0.0180451204388757,0.0525126826403146,3.774250804067511e-05,0.0081588715369658
01057000,0.1419492975951247,0.0003881196399006,0.0282566360776016,0.1309466639747357,0.0003362280598031,0.0233011426337706
04059500,0.1830355996372697,0.0008221778866889,0.0646767224365387,0.3566990388892366,0.0023129087014404,0.0857207384847535
01666500,0.049074287605526,6.266988868770065e-05,0.0124592975043387,0.0713156744674222,0.0001343297543667,0.0164944864739607
02056900,0.027313693332651,2.3424687569940143e-05,0.0047570400251535,0.1060474875824971,0.0002514717348469,0.0251818333378685
03026500,0.0274719744424917,2.1976508784589283e-05,0.0042766772336224,0.082569086920459,0.0002171231190394,0.0151827878277524
02046000,0.0166457333813086,1.0759218418553648e-05,0.0039748295780948,0.075502800816712,0.0001221532976875,0.0052694946222271
03028000,0.1036120054069272,0.0002679663629659,0.0302125692843526,0.0679025383920562,0.000132204184675,0.0195492419467423
03165000,0.0241493531470754,2.4050265952878625e-05,0.0066537623818601,0.0773758335110682,0.0001808781866317,0.0135165126410609
03164000,0.1014474757064593,0.0002849378635921,0.0142207373332279,0.0079562403694145,1.5416647787758417e-06,0.0013286881650493
03170000,0.0348883282343442,2.907792710098485e-05,0.0067764307532103,0.100230603996844,0.000215171831124,0.0298401734068736
01634500,0.0594487871140257,9.583778806737772e-05,0.0230822595053656,0.0347304081180617,3.4977972162219955e-05,0.0080005664595212
02053800,0.0303372962794021,2.839520007640744e-05,0.0072289727459865,0.1101265247189689,0.0002966523555575,0.0368568791143019
03161000,0.0222161412438366,1.4829852628494727e-05,0.0039397485135818,0.0344570175204987,4.065264834941498e-05,0.0063398045159593
10310500,0.2528530896942778,0.0008551554283147,0.0403365943325211,0.0117189890659477,4.216310242540434e-06,0.0014243079472563
05458000,0.0661619558351283,6.639730476434353e-05,0.0089491405369293,0.1067936421861663,0.0003532800233178,0.0242406573421624
03173000,0.0246679551193418,1.8377975171136357e-05,0.0038447814707877,0.044303919067963,6.23240941121986e-05,0.0097886578760863
05466500,0.053865840458434,5.850325801727055e-05,0.0141657315243108,0.0847919417747642,0.0002122536545981,0.0165507857235259
11523200,0.0307886581219942,3.347483808583328e-05,0.0043312825104684,0.092270567574077,0.0002325421891606,0.0123214045534628
11522500,0.0018167185230596,1.9374442049408721e-07,0.0004601078196298,0.1196291622475097,0.0004428201241842,0.0331555507844543
11482500,0.1071791887934931,0.0002306658278538,0.0137103020106487,0.1031744325343781,0.0003980377837828,0.0273045519822634
01487000,0.0037015188165669,4.6616436874423094e-07,0.0003907213415354,0.0914446143384591,0.0002021812410958,0.0365854125174607
02011400,0.0029932951008653,3.694067340294979e-07,0.0003331131777002,0.2407755228850449,0.0016469510996148,0.0705969961099033
02051000,0.044494593499744,5.784928523944716e-05,0.0073004731776688,0.0819616163431428,0.0001382214929784,0.0206608792536949
05087500,0.2447924177431118,0.0012337460650734,0.0933257214232231,0.1550872879357903,0.0005016587649951,0.0448000725789892
05129115,0.0204370969449892,1.2646412816651628e-05,0.003781652308303,0.0589771464529846,6.9878192841298e-05,0.0110041556864015
06917000,0.0604898937189077,7.986710560644388e-05,0.0127514332790016,0.0749906394577323,0.0001249572622441,0.0210068867321921
05131500,0.1360947390516491,0.0003400646332284,0.0299593672286194,0.0142699670487885,4.0414986912775225e-06,0.0023714986738842
01013500,0.1051663561888692,0.0002291623390871,0.0176469148886929,0.0053480498102045,6.40972135604564e-07,0.000562322544668
01632900,0.2068881816189087,0.00094554660539,0.0474305427347297,0.0614592703976768,0.0001021386951364,0.0095115482149499
02016000,0.0724231890137229,0.0001579072941585,0.0125195728175395,0.0855622786017571,0.0001635157468632,0.0140953090520045
02027000,0.1131978386370385,0.0003171451383183,0.0282170328756528,0.0111310075529665,4.049666106815556e-06,0.0020086841904723
06919500,0.0741089377517316,0.0001542982972959,0.0268376772530397,0.0272220648938375,2.5142114971685696e-05,0.0068675815661599
06921200,0.2090775931757896,0.0013491734944617,0.0768854037842082,0.0568764243611243,9.928573762556772e-05,0.0160354093282576
06918460,0.027338639506411,1.2181376328631646e-05,0.0020388149805929,0.1233220403332799,0.0004574752862392,0.0319619164226228
06921070,0.0325211113481493,1.27773343015428e-05,0.0012125337144105,0.0651390447636288,0.0001060139095598,0.0179221892829806
07066000,0.0581990452329674,8.672335577914897e-05,0.0104746839503988,0.1180378048641782,0.0004452872334215,0.0217855757923406
02027500,0.0672383658035575,0.0001066537847294,0.0097620279440708,0.2435057075110674,0.0010584817033246,0.0679741680388335
02015700,0.3775689708393544,0.0034798064435959,0.0720460440693737,0.1365430889165875,0.0002268032153399,0.0312399664199246
02077200,0.0125123509520965,5.42608386178166e-06,0.0018986161007614,0.0659635290835054,0.0001381182172504,0.017816035252339
07057500,0.0459716587197402,6.437030450504073e-05,0.0140001704536588,0.0652731066266602,0.000116801486739,0.0196964091068303
02053200,0.1488306567480339,0.0006804303582825,0.0450597799987952,0.0800951406393063,0.000159122836154,0.0228866161544782
07068000,0.055560261725218,6.618312063681026e-05,0.008281991266678,0.0205098369431931,1.3877778706760126e-05,0.0060429712414623
07261000,0.0150834285121832,7.847666049867282e-06,0.0023781327667778,0.1817668577426503,0.0004284799492264,0.0654900719787418
08164000,0.1441259191402709,0.0004103352386574,0.0134619202315787,0.126340911947879,0.0004037134272963,0.0146448408783622
11475560,0.1343341917913646,0.000330677119994,0.030497943167745,0.0457867546111726,6.692170275743987e-05,0.0109157734362394
11481200,0.1599710298451048,0.0006954664439335,0.0446378762926354,0.0657762082036585,0.0001360429999898,0.0138014650051191
08025500,0.0481138394092687,6.445811185116135e-05,0.0114491761961139,0.0729570800312826,0.0001794374231259,0.0170180149213853
02018000,0.0593948041407883,3.7960488340435387e-05,0.0032267529586561,0.0134515864290215,7.166379200552896e-06,0.0025850592457402
08164300,0.0412074609264809,4.4269153137152325e-05,0.0104931079320745,0.1583167479350188,0.00065969088804,0.0430576964131991
10023000,0.0193085325983504,1.341969346894182e-05,0.0028580600887582,0.0187581454917888,1.379617021698586e-05,0.0049407161131697
08190500,0.0069597906080554,1.339497790971231e-06,0.0006210104025135,0.1570847242979548,0.0007171109384009,0.0431573293634052
11451100,0.0974714950770242,0.0002139576658144,0.0120076672624905,0.0323519067513491,2.5979365943048348e-05,0.0021909093460685
02369800,0.0029691614408048,3.400163218091199e-07,0.0003208001111084,0.0793021994568911,0.0001971221897575,0.0125722572700315
11476600,0.0718504179883138,0.0001199246091406,0.0149695282891966,0.013071544998644,6.581507073937615e-06,0.0031759640436192
02081500,0.0633882687700009,6.158604200686796e-05,0.0044687822129625,0.0377714272593539,1.4971467896389029e-05,0.0014090515275338
01632000,0.0036972133228902,4.655639479681285e-07,0.000467353265509,0.1012754940519093,0.0001697631764471,0.0134047436276028
02102908,0.0485363757295758,3.5178821572370744e-05,0.0048974664873938,0.0949703822914168,0.0002227307881351,0.023276055577746
02064000,0.0526544601419803,6.36878801925348e-05,0.0058949991221104,0.0874672942659107,0.000225672500235,0.0199528577491122
01518862,0.0139372501675643,3.712072136931461e-06,0.0014912386582033,0.0296699627091205,3.122891744873082e-05,0.0060367176096008
01516500,0.1581371825804805,0.0005916687049395,0.0464564412850046,0.1294137073486062,0.0004836980311098,0.0300164833629542
01543000,0.0621006662396649,0.0001061250387423,0.0083331607873535,0.1321827599827164,0.0004277324470446,0.0339145754542331
01543500,0.0771684599338497,0.0001865102576313,0.0178868244578341,0.0152795194818493,6.199179136731685e-06,0.0014448703787253
01542810,0.058446263920433,0.0001041548101933,0.0100886873280818,0.0614290304436882,0.0001367095169812,0.0149094924391867
08029500,0.0867088466735123,0.000219280138422,0.0287143403627777,0.1321691006392103,0.0003777113438557,0.0229305858641917
01667500,0.0529873355817222,7.365482620489458e-05,0.0120915458214717,0.0397574878366869,5.5395582648471646e-05,0.0106948935390178
02038850,0.0386643884132726,4.33205553623427e-05,0.0072140845331486,0.0644646847244183,0.0001267849258523,0.0206480361476759
01544500,0.0575694506724029,9.031592448325988e-05,0.0104274744027595,0.0701249947940734,0.0001132736026688,0.009169591493273
02059500,0.0827139789490313,0.0001694626231664,0.018165126155546,0.0477975817673974,7.389123238509275e-05,0.0090698597852166
02065500,0.0483138178045407,5.234895611418606e-05,0.0094640470180119,0.0548176412474444,8.065692909657394e-05,0.0101846268004866
01547700,0.0082584895944756,1.253310799357598e-06,0.0008763237598754,0.0934015360174496,0.0002282465895875,0.0118428146583599
01549500,0.081313248948551,0.0001844121816779,0.0146209630820339,0.1805006543614702,0.000746046019509,0.0214456633986417
01545600,0.1926133101606881,0.0011372358164307,0.0364470100762472,0.1248062383887115,0.0003175325544449,0.0141193201267003
01552500,0.1860198561839386,0.0009133394600671,0.0491065831484813,0.0579682290485422,0.000116201909376,0.0103272431648262
01606500,0.0644214618794346,4.931880855775421e-05,0.0098787812227365,0.0518965519252961,5.211804211698563e-05,0.0067655258464892
01605500,0.030398271048469,2.3286671913580087e-05,0.0044348292258741,0.0376565726536737,5.008429445301898e-05,0.0094862691907969
01669520,0.1397248685000787,0.0005079506712937,0.028007376929361,0.1342911789580409,0.0003193868704424,0.0233639077901471
02014000,0.0694942942048714,0.000143582574214,0.0135165299327363,0.0199738889384988,1.8393979318181404e-05,0.0056795551926957
11141280,0.0849281951318775,0.0001356275902677,0.0078362940807883,0.1786729578465783,0.0005944027250257,0.020227520981195
11151300,0.0100012134617724,3.52020523750791e-06,0.0021397975197305,0.1436877170411529,0.0006816398569129,0.022623741257066
11143000,0.0258717870083498,2.120472681694492e-05,0.0044581550595885,0.0443321667600851,5.839534381458536e-05,0.0081158418162597
01550000,0.0628967002557149,0.0001370392935012,0.0139054350125062,0.0670167235372338,9.02317441518194e-05,0.001453572008561
01552000,0.0210853963079796,1.0453169224471804e-05,0.0052195034720158,0.122145692937523,0.0004358700076455,0.0219394494380876
01669000,0.113930138701379,0.0003372501913428,0.0223004426060279,0.0385129122046863,5.79801142758031e-05,0.0092310665728753
02051500,0.0568551067498169,7.470898743680503e-05,0.0074852960497886,0.1131419272772597,0.0003341552398647,0.0374520285542294
11148900,0.0954512168738939,0.000259729583593,0.0179908299853948,0.0922756662660864,0.0001735112094813,0.0227792629872297
02017500,0.0415348209244912,5.328560281718926e-05,0.011493695172877,0.0983153966918313,0.0001494221126454,0.0300154391688666
02074500,0.0329099008720988,3.399755470818974e-05,0.0086233921894799,0.1056132049347569,0.0002605648136279,0.02398639776332
11528700,0.0624105966511451,0.0001312146668294,0.0132718038915623,0.0362130483472502,2.8479959482551414e-05,0.0049782069174944
11473900,0.0752809338838665,9.08431915722352e-05,0.0062393956632138,0.0777150496488374,0.0001577185810572,0.0199319102828813
01639500,0.102185727692492,0.000308286791501,0.0391835115077078,0.0385775973005053,3.3508381744992955e-05,0.0033429176778626
01664000,0.1750612986188187,0.0007231801360377,0.0282910218200961,0.0811458907719451,0.0001383142828781,0.0181281213925153
02055100,0.0178890330710187,8.609121569406456e-06,0.0031983946943027,0.063961031232015,0.0001018073662254,0.0187992643064027
10343500,0.1314006663608325,0.0005324992732286,0.0340812138489176,0.0774793778785905,0.0001833835816393,0.0197699513177841
10336660,0.2779341027909919,0.0010039360271868,0.0894555425961871,0.0203297717838219,1.199314591183017e-05,0.0041593795158047
03010655,0.0499797511815514,6.882054293197752e-05,0.0099183950740725,0.0652031999515019,0.0001070411052234,0.0121324345289209
03011800,0.0249631046682963,1.9196679821437253e-05,0.0017627541020961,0.1144149905730392,0.0003515712995504,0.0230924572056087
03015500,0.1645576901565954,0.0009078991237337,0.0385024562625647,0.0832042548863596,0.0001826773966995,0.0227199936100031
04122500,0.0949048583229184,0.0001393121329847,0.0118951133415362,0.263996801282041,0.0007524930256961,0.0393953234578413
04122200,0.1329570200803463,0.0004034388865075,0.0340980949124678,0.5904192433979785,0.0048611558690877,0.0027495199578204
04074950,0.0356781658568952,2.0916930356971924e-05,0.0008407580046172,0.0968508566137073,0.0001964316519861,0.0081291866922499
03021350,0.1774412913607625,0.0003181508401756,0.012790576682976,0.2170485493128747,0.001140966505005,0.0504851760425652
07083000,0.0862755500112288,0.000106509889479,0.0025595270689425,0.0825874278122576,0.0001757499203272,0.0156931180423496
02128000,0.0324823494190874,3.035534318233816e-05,0.0071470130356209,0.1095095448436724,0.0002815563062024,0.0239608183289065
02111500,0.0075356324913252,2.0734651284726773e-06,0.0012570752650206,0.0984432234710746,0.0002971063619886,0.0168300918246735
02118500,0.0428009517557785,3.69737032370864e-05,0.0034398605356626,0.0619620468019159,0.0001384313697233,0.0133313174551144
02111180,0.1208869983467186,0.0003035060047799,0.0191846054006614,0.0884789080527337,0.000209782158591,0.0250621685424327
02374500,0.0714353709963043,0.0001028578630264,0.0113988374588224,0.0808199752934506,0.0001439008569978,0.0214147292387611
01162500,0.1818193781607364,0.0006730786824254,0.0447286487677402,0.1184728422646972,0.000245054385045,0.0112154536018561
08164600,0.1992846593305002,0.0004641314683365,0.0259110508245521,0.1421201177355726,0.0005162773016972,0.0330958139350771
06479215,0.0458825060028661,4.800213909739924e-05,0.0071925922700157,0.1389214965259565,0.0004661400114714,0.045079183808866
06479438,0.0574768551547336,9.090698295000484e-05,0.0065169651447205,0.0725553413289599,0.0001843574249549,0.0207716871071752
01491000,0.0817510824623037,0.0001689004737809,0.0180575288674419,0.0458127983100593,5.186452677198505e-05,0.0056233617954902
01510000,0.0984761753544239,0.0002591817923191,0.013887454344099,0.110965160475499,0.0002648582514113,0.0067925264150599
08190000,0.0793262357352432,0.0001386267811254,0.0086889184462555,0.2220261996968097,0.000938458573313,0.0470636621982224
01411300,0.081876285482498,0.0001275383256289,0.0155058279734716,0.0584959106609526,8.987042965398622e-05,0.0050760273498879
08023080,0.1535853983942686,0.0002858708874717,0.0134885105453016,0.2095805435470323,0.000850622906056,0.0575263915775202
02143000,0.0404816986861416,4.9473448364023886e-05,0.0074267968659956,0.1250678769680095,0.0005081980375743,0.0237490002928105
02140991,0.1125176173977028,0.0003105617259389,0.0226871981698304,0.0885156920963345,0.0001512390619976,0.0188793787266537
02137727,0.0056454134435055,1.2545512366354674e-06,0.00062430569434,0.1455671843371956,0.0003293005980845,0.0529266005947394
02143040,0.0030744818863347,3.580206932140822e-07,0.0008483482443368,0.104433961104055,0.0002999885943497,0.025653946266841
04213000,0.110568385607842,0.0002671047788812,0.0272651683483663,0.0101282703681231,4.491395897358476e-06,0.0030680717151839
02202600,0.0586322702486425,0.0001261942093772,0.0130504304096452,0.3099754439032592,0.0015091395716783,0.0546028012834322
04213075,0.0403662776035003,4.2729514254594905e-05,0.0093162267296595,0.1474862754434407,0.00031559902591,0.0315151788720117
02198100,0.1245151368803654,0.0004573034208639,0.0324979905125299,0.0649008059021926,0.0001268873583566,0.0124995746195296
